purchase_id, food_id, store_id, user_id, quantity, total_price, purchase_date, expiration_date, available
1,2071,2557,3,8,6.66,2020-10-15,2020-11-30,0
2,1554,5754,6,10,3.87,2020-11-16,2020-12-22,0
3,1643,5014,5,4,2.67,2020-11-04,2020-11-30,0
4,2460,1439,9,2,1.42,2020-12-05,2020-12-04,0
5,503,259,2,3,12.64,2020-10-18,2020-12-16,0
6,48,5253,1,13,4.61,2020-11-10,2020-12-10,0
7,233,133,13,8,2.79,2020-10-09,2020-12-22,0
8,262,5761,9,7,0.77,2020-11-15,2020-12-28,1
9,312,1118,24,3,14.73,2020-11-17,2021-01-03,1
10,495,283,11,12,14.83,2020-11-19,2020-12-03,0
11,596,4883,10,6,4.55,2020-10-07,2020-12-31,0
12,1942,1585,8,1,1.65,2020-11-04,2020-12-07,0
13,67,2376,17,3,0.45,2020-10-26,2020-12-25,0
14,108,1932,3,7,0.29,2020-12-06,2020-12-30,0
15,2265,3887,16,4,11.25,2020-11-04,2020-12-21,0
16,2530,87,9,14,5.32,2020-11-28,2020-12-24,1
17,315,5613,21,2,5.32,2020-10-25,2020-12-22,0
18,1555,4590,6,13,1.59,2020-10-15,2020-12-25,0
19,1495,131,19,10,4.41,2020-10-17,2020-11-29,0
20,579,672,17,14,4.95,2020-10-13,2020-11-27,0
21,2478,404,13,13,0.76,2020-11-28,2020-12-22,0
22,954,387,14,5,6.24,2020-11-04,2021-01-03,1
23,349,3777,20,12,5.00,2020-11-02,2020-12-03,0
24,2219,2730,11,9,1.04,2020-11-14,2020-12-30,0
25,1153,4086,6,2,6.90,2020-12-02,2020-11-28,0
26,641,2155,17,9,5.17,2020-11-26,2021-01-03,0
27,2088,4206,17,12,4.09,2020-11-29,2020-11-29,0
28,1157,3834,8,4,2.63,2020-10-12,2020-12-07,0
29,258,1529,23,2,3.17,2020-10-27,2020-12-25,0
30,1957,2108,23,8,4.65,2020-11-30,2020-12-16,1
31,780,211,1,14,3.13,2020-10-15,2020-12-03,0
32,2114,5740,18,2,12.90,2020-10-27,2020-12-15,0
33,902,932,18,5,9.27,2020-10-24,2020-11-27,0
34,1838,1408,11,2,3.47,2020-11-22,2020-12-19,0
35,375,2797,13,13,4.00,2020-10-11,2020-12-22,1
36,2210,2976,7,6,12.13,2020-10-29,2021-01-02,1
37,2023,109,14,7,2.42,2020-10-11,2020-12-21,1
38,1707,5260,24,2,3.91,2020-11-18,2020-11-30,0
39,2250,1219,18,1,0.51,2020-10-16,2020-12-09,0
40,476,5313,12,10,1.56,2020-10-13,2020-12-30,0
41,2058,315,18,7,13.24,2020-12-05,2020-12-14,0
42,2393,5272,10,12,1.68,2020-10-12,2020-12-16,1
43,565,4572,13,3,4.46,2020-10-18,2020-12-30,1
44,1115,1126,13,2,1.67,2020-10-19,2020-12-05,0
45,1385,294,24,4,0.50,2020-10-17,2020-12-27,0
46,2555,4844,14,2,3.09,2020-10-24,2020-12-14,0
47,594,3873,10,4,5.64,2020-11-01,2020-12-01,0
48,2128,3822,4,6,4.78,2020-11-29,2021-01-02,0
49,1360,4152,22,5,2.60,2020-11-27,2020-12-13,1
50,95,4657,5,4,5.29,2020-10-01,2020-12-11,0
51,412,315,23,6,2.88,2020-10-06,2020-12-11,1
52,1851,2719,2,9,3.70,2020-11-30,2020-12-23,0
53,540,763,20,8,4.33,2020-10-18,2020-12-21,1
54,1181,3023,11,3,0.22,2020-10-10,2020-12-14,0
55,1300,1772,6,15,6.76,2020-10-06,2020-12-27,0
56,1733,884,19,1,11.75,2020-10-04,2020-12-19,0
57,2448,334,3,13,7.89,2020-12-02,2020-12-23,0
58,2179,5409,8,10,7.26,2020-11-02,2020-12-03,0
59,1853,4920,10,10,4.48,2020-11-07,2020-12-05,0
60,1246,2141,11,10,2.52,2020-11-21,2020-12-22,1
61,2359,4056,21,7,3.73,2020-11-28,2020-12-24,1
62,999,898,19,3,7.02,2020-10-04,2021-01-02,0
63,1487,4280,11,3,5.93,2020-12-02,2021-01-02,0
64,21,4860,11,3,9.03,2020-11-18,2020-12-29,0
65,696,769,6,3,13.73,2020-11-22,2020-12-01,0
66,2369,858,2,15,9.05,2020-10-10,2020-12-15,1
67,207,4876,19,9,7.73,2020-10-13,2020-12-26,0
68,2291,1704,2,8,6.45,2020-10-06,2020-12-04,0
69,1907,778,13,9,10.53,2020-11-25,2020-11-29,1
70,2441,4953,13,6,0.06,2020-10-22,2020-11-30,1
71,988,5368,15,9,13.40,2020-10-17,2020-12-13,0
72,2054,578,1,5,10.49,2020-11-13,2020-12-05,0
73,1824,1092,14,3,6.69,2020-11-25,2020-12-11,0
74,718,3344,9,7,6.14,2020-10-03,2020-12-16,0
75,2132,187,9,12,0.44,2020-11-20,2020-11-28,0
76,2531,3779,18,15,1.06,2020-11-22,2020-12-19,0
77,2045,94,12,2,2.09,2020-12-04,2020-12-02,0
78,2150,5058,2,9,2.85,2020-11-01,2020-12-03,0
79,1576,3201,1,1,9.13,2020-10-06,2020-12-10,0
80,2314,5583,7,8,0.79,2020-10-08,2020-12-15,0
81,912,2264,20,8,5.61,2020-10-02,2020-12-04,1
82,2398,5424,4,14,5.15,2020-10-11,2020-12-19,0
83,2007,4404,13,1,1.23,2020-10-27,2020-12-13,0
84,530,3998,11,13,0.08,2020-11-30,2020-12-15,0
85,2091,5511,20,9,1.19,2020-11-11,2020-12-09,0
86,1828,2946,14,6,2.43,2020-11-26,2020-12-12,0
87,1802,4187,21,4,0.86,2020-11-24,2020-12-04,0
88,1648,2689,23,3,0.47,2020-10-02,2020-12-10,1
89,741,1467,3,6,8.26,2020-12-05,2020-12-24,0
90,1420,3286,22,3,0.23,2020-12-07,2020-12-26,1
91,1896,4774,16,8,2.53,2020-10-08,2020-12-17,1
92,1491,5130,12,3,0.41,2020-11-01,2020-12-18,1
93,2287,1557,1,14,2.70,2020-11-14,2020-11-28,1
94,2588,2467,22,2,8.04,2020-12-06,2020-12-18,0
95,2565,1789,11,15,0.95,2020-10-23,2020-11-30,0
96,1985,3991,25,10,10.81,2020-10-18,2020-12-30,0
97,964,1834,2,10,4.14,2020-10-27,2020-12-07,1
98,2292,3923,2,3,1.91,2020-10-12,2020-12-04,0
99,2494,2360,16,12,11.69,2020-11-29,2020-12-23,1
100,294,3166,15,4,12.08,2020-11-02,2020-11-28,0
101,183,1869,25,12,5.67,2020-10-04,2020-12-18,0
102,701,5169,8,10,1.28,2020-12-06,2020-12-26,0
103,54,899,5,14,5.21,2020-10-05,2020-11-29,1
104,22,1871,18,4,0.22,2020-11-21,2020-12-01,0
105,131,5110,8,1,14.56,2020-11-12,2020-12-06,1
106,781,693,23,3,10.92,2020-11-28,2020-12-21,1
107,1644,335,14,12,5.74,2020-11-22,2020-12-17,0
108,2242,4412,19,1,29.92,2020-11-19,2020-12-20,0
109,2487,2240,6,6,6.58,2020-10-29,2020-12-23,1
110,2203,3497,21,1,6.58,2020-12-03,2021-01-04,0
111,1331,2825,8,3,1.43,2020-11-06,2020-12-07,0
112,103,5637,15,10,0.68,2020-10-20,2020-12-09,1
113,2120,5334,21,14,8.93,2020-11-30,2021-01-04,0
114,1702,4903,10,6,0.90,2020-11-23,2020-12-09,0
115,1414,1743,5,9,3.86,2020-11-11,2020-12-31,0
116,316,1411,12,11,2.70,2020-11-29,2020-12-05,0
117,2136,5070,4,13,1.80,2020-11-26,2020-12-14,0
118,2407,1570,6,1,18.31,2020-11-26,2020-12-17,0
119,2403,2651,23,4,3.34,2020-10-24,2020-12-11,0
120,905,1743,24,14,11.71,2020-11-21,2020-12-29,0
121,235,4608,13,7,2.36,2020-10-02,2020-11-27,0
122,1564,4892,13,5,0.26,2020-10-16,2020-12-02,0
123,2378,5456,16,3,9.65,2020-11-30,2020-12-16,0
124,2493,4524,14,4,4.16,2020-10-29,2020-12-13,0
125,255,3439,5,2,2.60,2020-11-23,2020-12-19,0
126,2319,5759,23,11,5.05,2020-12-07,2020-12-08,0
127,88,840,3,14,0.37,2020-10-27,2020-12-01,0
128,721,1345,3,3,2.08,2020-11-06,2020-12-05,1
129,2092,5585,20,2,7.29,2020-10-25,2020-12-03,0
130,2494,249,20,1,5.65,2020-11-05,2020-12-07,0
131,507,2478,21,3,4.95,2020-11-12,2020-12-25,0
132,2079,1409,14,15,4.78,2020-11-09,2020-11-29,0
133,2354,2714,3,5,4.47,2020-10-17,2020-12-24,0
134,1673,4704,6,9,1.08,2020-11-29,2020-12-27,1
135,763,1560,21,5,1.67,2020-11-13,2020-12-27,1
136,1674,461,1,5,3.72,2020-11-28,2020-12-04,1
137,1268,87,14,1,11.58,2020-10-24,2020-11-29,0
138,1827,322,4,2,4.19,2020-11-18,2020-12-27,0
139,2179,4998,11,2,4.54,2020-10-09,2020-12-09,0
140,113,1642,13,2,2.01,2020-10-04,2020-12-03,0
141,1639,4689,22,2,2.84,2020-11-10,2020-12-01,0
142,957,2829,1,13,18.71,2020-11-27,2020-12-05,0
143,78,874,11,2,0.26,2020-10-12,2020-12-25,0
144,303,3863,1,3,24.58,2020-10-01,2020-12-07,0
145,630,531,20,2,6.05,2020-11-24,2020-12-13,0
146,782,5491,13,15,3.32,2020-11-18,2020-12-08,0
147,2326,1121,21,12,0.73,2020-11-17,2020-12-07,0
148,2019,2439,20,12,6.83,2020-10-18,2020-12-11,1
149,859,197,3,4,4.43,2020-10-01,2020-12-29,0
150,1117,3868,17,10,2.60,2020-10-13,2021-01-04,0
151,2242,2989,4,4,11.36,2020-10-06,2020-11-27,0
152,650,259,18,1,0.04,2020-10-29,2021-01-04,0
153,2121,3514,19,2,8.34,2020-10-17,2020-11-28,0
154,1768,3041,15,6,3.92,2020-10-09,2020-12-10,0
155,827,337,15,12,1.96,2020-11-20,2020-12-11,0
156,1711,2913,11,13,2.79,2020-11-13,2020-12-20,0
157,981,3973,19,4,5.15,2020-11-24,2020-11-29,1
158,83,135,17,4,4.73,2020-10-06,2020-12-03,0
159,1401,2970,12,1,1.06,2020-11-07,2020-12-20,0
160,2242,3294,7,2,6.90,2020-11-16,2020-11-27,1
161,628,4059,13,5,14.33,2020-10-28,2020-12-09,1
162,502,4001,25,6,8.06,2020-11-03,2020-12-13,0
163,989,2921,21,10,1.88,2020-12-07,2021-01-02,0
164,687,947,13,15,10.17,2020-10-24,2020-12-23,0
165,974,3200,21,6,1.18,2020-10-21,2020-12-29,1
166,2131,4447,8,11,1.54,2020-11-11,2021-01-02,0
167,1346,5370,18,1,2.01,2020-11-16,2020-12-04,0
168,619,44,12,1,3.83,2020-10-10,2020-12-26,0
169,2376,725,14,11,5.57,2020-11-05,2020-12-20,1
170,2450,688,25,1,9.67,2020-10-01,2020-12-27,1
171,812,2420,19,12,7.04,2020-12-05,2020-12-10,0
172,428,3201,23,6,8.28,2020-10-22,2020-12-05,0
173,27,3388,17,15,0.19,2020-11-09,2021-01-02,0
174,375,5144,23,2,2.61,2020-11-23,2020-12-23,0
175,61,3537,23,14,2.68,2020-10-03,2021-01-03,0
176,1503,3563,9,12,2.06,2020-11-08,2020-12-06,0
177,1896,310,19,1,2.91,2020-10-28,2020-12-01,1
178,2476,2083,8,13,3.19,2020-11-08,2020-12-19,0
179,1346,490,12,2,0.90,2020-10-07,2021-01-02,1
180,2406,788,10,3,6.87,2020-11-24,2020-12-10,0
181,1275,4324,7,5,0.10,2020-11-26,2020-12-04,1
182,635,524,6,7,5.50,2020-10-26,2020-12-26,1
183,813,3644,8,13,0.02,2020-11-16,2020-12-03,0
184,2073,983,23,4,7.91,2020-11-30,2020-12-14,1
185,2541,1825,14,15,1.75,2020-11-05,2020-12-08,0
186,2061,3255,8,6,8.05,2020-10-12,2020-12-27,0
187,749,496,6,6,4.08,2020-10-01,2020-12-05,0
188,244,2846,14,5,3.09,2020-11-29,2020-11-30,0
189,1443,126,19,13,9.02,2020-12-02,2020-12-16,0
190,1515,5073,5,3,1.42,2020-10-08,2020-12-14,0
191,1515,3864,22,11,9.00,2020-11-02,2020-12-06,1
192,1997,4059,24,14,6.05,2020-11-10,2020-12-27,1
193,1938,5729,16,2,1.97,2020-11-17,2020-12-30,0
194,2559,1157,7,12,7.93,2020-11-19,2020-12-05,0
195,1574,4746,25,7,0.02,2020-11-22,2020-12-14,0
196,2589,4296,25,5,8.79,2020-11-26,2020-12-09,0
197,213,731,10,12,5.72,2020-10-20,2020-12-11,0
198,825,2577,9,12,3.38,2020-10-03,2021-01-01,0
199,1961,5488,9,11,1.82,2020-10-06,2020-12-18,0
200,258,1784,15,4,4.34,2020-11-30,2020-12-03,1
201,1399,2879,8,3,1.53,2020-11-12,2020-12-29,1
202,882,4677,7,15,13.86,2020-10-22,2020-12-14,1
203,705,5089,18,12,6.06,2020-12-07,2020-12-13,0
204,406,1169,20,7,0.18,2020-11-23,2020-12-20,0
205,85,1043,12,15,3.45,2020-11-16,2020-12-10,1
206,1581,3122,22,7,6.56,2020-11-04,2021-01-02,0
207,108,1468,25,10,3.96,2020-11-10,2020-12-30,0
208,1200,2714,23,4,7.95,2020-11-27,2020-12-29,1
209,1272,4249,22,3,7.46,2020-10-06,2020-12-05,0
210,1916,4879,22,9,6.95,2020-11-18,2020-12-22,0
211,905,3897,5,15,6.16,2020-10-19,2020-12-12,0
212,443,807,4,8,4.03,2020-11-01,2021-01-01,0
213,1847,992,1,14,10.88,2020-10-01,2020-12-02,0
214,172,273,15,2,9.42,2020-11-04,2021-01-02,1
215,1233,1240,18,1,8.80,2020-10-05,2020-12-13,0
216,2471,152,10,4,1.30,2020-10-23,2020-12-07,0
217,2288,374,19,9,2.78,2020-11-11,2020-12-28,0
218,1200,1941,7,4,0.25,2020-12-04,2020-12-16,1
219,951,2628,25,1,14.62,2020-10-26,2020-12-19,0
220,34,949,21,6,4.57,2020-10-11,2020-12-21,0
221,2504,1254,11,4,8.61,2020-11-17,2020-12-01,0
222,393,1462,3,12,3.59,2020-11-28,2020-11-28,0
223,1955,2752,24,1,8.96,2020-10-13,2021-01-02,1
224,1922,599,18,12,2.18,2020-10-29,2020-12-09,0
225,579,644,12,3,7.71,2020-10-05,2020-12-09,0
226,1753,1723,22,5,13.76,2020-11-09,2020-12-23,0
227,1002,1740,24,4,0.43,2020-12-05,2020-11-30,1
228,2062,5672,16,5,2.80,2020-10-13,2020-12-25,1
229,1346,893,17,1,2.20,2020-10-17,2020-12-28,1
230,142,3898,3,5,2.25,2020-10-18,2020-12-26,0
231,370,951,4,12,4.45,2020-11-22,2020-12-30,0
232,598,5463,25,11,10.66,2020-11-01,2020-12-28,1
233,427,1280,10,3,6.37,2020-10-07,2020-11-28,0
234,922,3496,24,6,0.15,2020-10-29,2020-12-04,1
235,772,5407,4,1,0.70,2020-10-14,2020-11-28,0
236,480,3561,10,10,0.86,2020-10-10,2021-01-03,0
237,501,3340,6,7,2.97,2020-11-21,2020-12-18,0
238,1572,315,9,2,3.81,2020-10-05,2020-12-08,0
239,1586,2459,13,14,6.90,2020-11-07,2021-01-01,0
240,734,3234,1,3,4.27,2020-11-11,2020-11-27,0
241,1969,5242,13,12,5.08,2020-12-04,2020-12-10,0
242,874,2509,15,9,7.26,2020-10-13,2020-12-28,1
243,630,5796,7,2,9.15,2020-10-17,2021-01-03,0
244,2047,412,23,3,1.64,2020-10-03,2021-01-04,0
245,1772,1865,25,12,5.23,2020-11-13,2020-12-30,0
246,393,1712,23,3,2.52,2020-12-01,2020-12-28,0
247,867,2196,10,5,32.63,2020-10-14,2020-12-03,1
248,140,582,7,10,8.45,2020-10-15,2020-12-16,0
249,2012,3851,11,8,4.33,2020-11-27,2020-12-09,0
250,976,2780,19,14,7.20,2020-10-17,2020-12-16,1
251,720,3727,15,14,4.77,2020-10-20,2020-12-22,0
252,1399,2317,4,2,11.71,2020-10-01,2020-12-14,1
253,1434,4959,16,14,32.20,2020-11-01,2020-12-14,0
254,1474,929,1,4,2.02,2020-11-09,2020-12-13,0
255,918,4936,8,3,9.15,2020-10-07,2020-12-29,1
256,827,4322,22,1,4.88,2020-11-08,2020-12-17,1
257,1983,5038,9,2,6.52,2020-11-06,2020-11-29,0
258,1220,2275,20,6,3.96,2020-10-08,2020-12-31,0
259,1446,5699,21,3,0.53,2020-11-14,2020-12-15,0
260,2003,4278,21,8,18.06,2020-10-23,2021-01-04,0
261,562,3282,1,15,1.25,2020-10-06,2020-12-28,1
262,2323,4419,5,4,6.89,2020-10-11,2020-12-09,1
263,1494,1598,2,2,6.19,2020-10-04,2020-12-12,0
264,983,5267,2,3,2.62,2020-11-16,2021-01-01,1
265,715,150,16,15,4.12,2020-10-02,2020-12-22,0
266,1151,292,10,6,0.77,2020-10-16,2020-12-23,0
267,297,1072,3,1,1.07,2020-10-19,2020-12-01,0
268,2,165,5,9,7.99,2020-12-06,2021-01-02,0
269,150,4036,12,4,10.12,2020-10-26,2020-11-28,0
270,1188,3046,23,12,2.27,2020-11-08,2021-01-01,0
271,2220,209,7,6,2.59,2020-11-08,2020-12-09,1
272,2517,1532,8,7,0.85,2020-11-09,2021-01-03,0
273,1769,893,9,14,6.13,2020-11-04,2020-12-27,0
274,364,4766,8,10,0.60,2020-11-15,2020-12-10,1
275,2523,408,23,8,0.94,2020-12-02,2020-12-03,0
276,858,155,24,8,2.55,2020-11-17,2020-12-05,0
277,2307,2086,2,5,7.37,2020-10-27,2020-12-05,0
278,662,5065,17,10,4.18,2020-12-04,2020-11-30,1
279,647,392,14,6,2.25,2020-12-01,2020-12-08,0
280,787,3715,3,14,3.75,2020-11-05,2020-12-26,0
281,2548,574,4,5,6.20,2020-10-05,2020-12-25,1
282,1938,760,11,12,7.17,2020-11-18,2020-12-14,0
283,1489,374,18,2,2.90,2020-12-05,2020-11-29,0
284,1556,2498,15,4,1.81,2020-11-04,2020-12-28,1
285,360,3795,1,2,3.29,2020-10-23,2020-12-03,0
286,1250,540,10,8,4.84,2020-11-17,2020-12-08,0
287,851,2036,4,13,1.14,2020-10-12,2021-01-03,0
288,1917,216,14,13,5.48,2020-11-19,2020-12-12,0
289,1396,953,2,2,0.90,2020-11-29,2020-11-27,0
290,749,2591,8,10,3.23,2020-11-07,2020-12-21,0
291,1158,563,14,1,2.79,2020-11-11,2020-12-06,0
292,1287,3188,10,3,4.37,2020-11-27,2020-12-26,0
293,1360,5594,16,3,6.72,2020-10-28,2020-12-23,0
294,23,575,20,4,6.32,2020-10-16,2020-12-13,1
295,554,2651,12,4,5.56,2020-10-22,2020-12-13,1
296,1812,1144,20,5,1.58,2020-11-10,2020-12-23,0
297,1589,2597,13,15,5.25,2020-11-18,2020-12-09,0
298,259,4259,12,10,3.63,2020-10-18,2020-12-24,0
299,2332,676,11,2,2.89,2020-11-09,2020-12-13,0
300,2517,5051,21,6,3.70,2020-11-17,2020-12-21,1
301,1986,4553,19,4,2.41,2020-10-25,2020-12-07,0
302,1641,3878,19,3,5.33,2020-10-02,2020-12-07,0
303,1990,3145,14,8,28.94,2020-10-22,2020-12-17,1
304,1218,5161,4,15,2.83,2020-11-19,2021-01-04,0
305,438,1472,21,13,10.78,2020-11-16,2021-01-03,1
306,2260,4121,22,1,9.38,2020-10-02,2020-12-16,0
307,1708,5272,25,6,0.54,2020-11-17,2021-01-03,0
308,2332,2358,23,4,3.92,2020-11-26,2020-12-03,0
309,891,1206,19,2,8.49,2020-10-23,2020-12-13,1
310,1923,3291,18,3,2.20,2020-11-17,2020-12-01,0
311,1949,2342,13,13,5.93,2020-12-07,2020-12-23,0
312,234,3125,24,12,9.06,2020-11-06,2021-01-02,1
313,461,523,22,8,0.88,2020-10-06,2021-01-04,0
314,1285,4800,10,4,6.31,2020-10-30,2020-12-24,0
315,957,2789,10,10,7.65,2020-10-05,2020-12-31,0
316,1639,3654,17,4,1.83,2020-10-02,2021-01-01,0
317,1711,4645,23,8,0.45,2020-10-08,2020-12-20,0
318,46,1316,16,6,1.06,2020-12-04,2020-12-24,0
319,168,5403,1,1,5.57,2020-11-15,2021-01-03,1
320,2557,5387,9,8,5.21,2020-12-03,2020-12-06,0
321,787,462,23,2,0.61,2020-10-13,2020-12-03,0
322,2250,125,3,6,1.16,2020-11-14,2020-12-29,0
323,451,2392,2,9,6.81,2020-10-07,2020-12-12,0
324,505,1661,3,1,0.86,2020-10-19,2020-12-28,0
325,1649,2731,21,9,3.16,2020-11-20,2020-12-16,0
326,1867,576,2,14,7.88,2020-11-19,2020-12-11,0
327,1386,4210,25,7,3.23,2020-10-25,2020-12-14,0
328,1711,3756,13,1,1.28,2020-10-21,2021-01-03,0
329,87,3428,10,15,4.09,2020-12-03,2020-12-10,0
330,919,4480,25,13,0.40,2020-12-01,2020-12-06,1
331,852,945,17,7,8.24,2020-11-10,2020-12-09,1
332,2558,5544,12,2,1.73,2020-11-12,2020-12-31,0
333,1007,1821,14,4,0.92,2020-11-17,2020-12-15,0
334,2288,2350,11,3,14.07,2020-11-23,2020-12-28,0
335,1759,1326,21,15,3.00,2020-12-04,2020-11-30,1
336,2352,379,18,8,6.55,2020-10-13,2020-12-17,0
337,2122,5007,23,1,1.92,2020-10-08,2020-12-09,0
338,1646,102,5,13,16.00,2020-10-23,2020-12-23,1
339,1411,3692,13,9,4.19,2020-10-17,2020-12-26,1
340,1249,2388,3,12,5.07,2020-10-13,2020-12-30,0
341,2385,803,7,9,0.37,2020-11-22,2020-12-26,1
342,120,4251,10,1,0.29,2020-10-18,2020-11-28,0
343,1828,1042,16,9,5.51,2020-11-27,2020-11-29,0
344,134,4128,25,15,32.81,2020-11-05,2020-12-06,0
345,2399,2093,3,13,0.24,2020-10-11,2020-11-29,0
346,1600,4178,9,9,5.17,2020-10-01,2020-12-13,0
347,2339,1539,5,4,1.97,2020-10-07,2020-12-28,0
348,352,517,20,1,4.46,2020-10-29,2020-12-08,1
349,1880,1364,9,8,0.74,2020-10-10,2020-12-09,0
350,2302,3598,7,13,3.47,2020-11-18,2020-12-22,0
351,73,3721,21,12,2.26,2020-10-02,2020-12-15,1
352,2280,1181,5,7,2.48,2020-10-06,2020-12-28,0
353,243,3678,10,12,0.36,2020-10-18,2020-12-11,0
354,941,54,3,5,7.63,2020-11-22,2020-12-28,0
355,2553,4217,20,2,2.89,2020-11-05,2020-12-01,0
356,1795,5151,14,6,3.40,2020-10-27,2020-12-09,0
357,1471,2847,13,3,3.68,2020-11-20,2020-12-28,1
358,1894,3378,14,14,4.56,2020-10-13,2021-01-03,1
359,296,2387,23,11,5.53,2020-10-26,2020-12-21,1
360,1268,3108,3,9,3.31,2020-10-24,2020-12-08,1
361,1343,2757,24,12,12.39,2020-12-05,2020-12-09,0
362,1491,2189,1,12,7.52,2020-11-26,2020-12-06,0
363,2223,5202,21,2,3.20,2020-11-23,2020-12-31,0
364,2275,1210,4,2,6.94,2020-11-23,2020-12-11,0
365,2486,3249,17,10,2.51,2020-11-04,2020-12-15,1
366,656,1509,15,6,1.75,2020-11-26,2020-12-01,0
367,58,4245,25,7,2.44,2020-11-19,2020-12-07,1
368,1765,3087,25,1,3.57,2020-11-14,2020-12-19,0
369,1933,3297,7,1,2.73,2020-12-01,2020-12-28,0
370,2292,3379,24,6,8.96,2020-11-09,2020-12-27,1
371,1486,1095,8,7,1.78,2020-10-26,2021-01-01,0
372,1718,2170,16,2,10.78,2020-10-17,2021-01-02,0
373,1562,1033,24,10,5.39,2020-10-29,2020-12-14,0
374,1966,612,23,1,3.22,2020-10-23,2020-12-05,1
375,1245,3408,2,6,6.18,2020-11-17,2020-12-30,1
376,2496,510,11,7,7.95,2020-10-03,2020-12-25,1
377,1822,2222,6,3,9.91,2020-12-04,2020-12-05,0
378,2454,4967,13,1,2.01,2020-11-11,2020-12-25,0
379,380,744,11,6,5.96,2020-11-03,2020-12-08,0
380,1896,3316,23,7,2.30,2020-11-04,2021-01-01,0
381,2200,5284,7,5,3.85,2020-10-20,2020-12-31,0
382,783,5715,7,12,6.82,2020-11-13,2020-12-15,1
383,369,3382,3,2,3.67,2020-10-31,2020-12-17,0
384,924,4702,4,15,2.19,2020-12-06,2020-12-20,0
385,266,2500,24,7,1.54,2020-11-13,2020-12-08,0
386,1568,623,20,3,3.64,2020-11-07,2020-12-12,0
387,1399,775,12,9,0.50,2020-11-22,2020-12-08,1
388,1689,5560,18,12,10.98,2020-11-10,2020-12-22,0
389,1926,2917,15,10,6.54,2020-10-25,2020-12-22,1
390,239,302,7,3,2.31,2020-11-22,2021-01-01,1
391,2028,2592,23,3,6.73,2020-10-24,2020-12-21,1
392,2213,4401,19,10,0.79,2020-10-14,2020-12-29,0
393,223,3291,12,1,7.72,2020-11-09,2020-12-03,1
394,2221,2204,2,1,6.23,2020-10-02,2020-11-30,1
395,1768,1180,13,12,3.17,2020-11-08,2020-12-08,0
396,1734,1172,2,1,11.13,2020-11-10,2020-12-19,0
397,1396,1628,21,11,1.26,2020-12-06,2020-12-07,0
398,1658,4884,7,14,5.06,2020-10-17,2020-12-30,0
399,129,1472,21,5,8.35,2020-11-17,2020-12-11,1
400,1940,1030,8,11,0.06,2020-10-02,2020-11-27,0
401,2088,1165,19,10,9.86,2020-10-22,2020-12-23,0
402,294,3627,13,12,0.89,2020-11-04,2020-12-23,0
403,1351,2679,5,4,4.67,2020-11-19,2020-12-03,0
404,1910,728,16,3,3.26,2020-10-03,2020-12-12,1
405,453,5311,17,7,9.63,2020-10-18,2020-12-10,0
406,1612,1061,23,12,3.01,2020-10-24,2020-12-03,0
407,2052,5294,17,8,4.02,2020-11-28,2020-12-10,0
408,2226,4324,16,4,6.42,2020-12-05,2020-12-28,0
409,1365,1304,6,12,6.39,2020-10-20,2020-12-01,0
410,1685,2878,15,13,3.41,2020-10-27,2020-12-10,1
411,1679,4050,6,4,2.09,2020-11-19,2020-12-03,1
412,476,3307,15,4,1.77,2020-11-18,2020-12-15,1
413,980,1961,8,5,3.39,2020-12-02,2020-12-25,0
414,53,124,23,8,1.53,2020-10-15,2020-11-30,0
415,1616,1935,4,14,4.54,2020-12-01,2020-12-01,0
416,1459,3350,14,11,6.99,2020-10-16,2021-01-04,0
417,873,1308,21,2,7.20,2020-11-26,2020-12-15,0
418,2000,5705,13,9,2.19,2020-10-14,2021-01-02,0
419,937,226,11,13,12.96,2020-11-29,2020-12-29,0
420,387,1461,16,4,0.57,2020-10-29,2020-11-28,0
421,678,3292,20,10,7.84,2020-10-24,2020-12-18,0
422,938,5112,25,8,14.25,2020-11-28,2020-11-29,0
423,598,998,8,7,3.90,2020-10-02,2020-11-30,0
424,1204,2769,3,11,3.02,2020-10-02,2020-12-28,0
425,1737,5050,11,15,3.07,2020-11-01,2020-12-23,1
426,2582,1524,24,1,6.60,2020-11-26,2020-12-17,0
427,954,2735,2,7,8.85,2020-10-21,2020-12-20,0
428,393,1382,25,14,1.64,2020-10-03,2020-11-30,0
429,2570,4510,10,1,4.36,2020-12-05,2020-12-01,0
430,249,1512,4,1,3.26,2020-11-16,2020-12-02,1
431,561,127,20,6,0.50,2020-10-03,2021-01-01,0
432,2513,1326,2,3,10.63,2020-10-31,2020-12-25,1
433,409,2482,25,7,8.60,2020-10-08,2020-12-02,0
434,2290,1534,24,6,6.00,2020-10-08,2020-12-25,0
435,1246,5780,3,12,5.72,2020-12-04,2020-12-22,0
436,1652,2750,23,1,7.57,2020-10-11,2020-12-08,0
437,2579,2882,13,15,4.72,2020-10-09,2020-12-17,0
438,2202,2670,23,4,2.33,2020-10-13,2020-12-31,0
439,1953,1814,10,12,8.60,2020-11-28,2020-12-04,1
440,1316,4430,17,7,1.50,2020-11-12,2020-12-18,0
441,1200,4118,24,12,6.08,2020-10-30,2020-12-22,0
442,2256,731,12,6,2.55,2020-10-12,2021-01-03,0
443,81,2225,21,14,3.87,2020-10-26,2021-01-01,0
444,1200,2816,1,2,2.68,2020-10-01,2020-12-07,0
445,1965,5549,12,2,6.56,2020-11-27,2020-12-31,0
446,263,3025,14,2,8.25,2020-11-10,2020-12-22,0
447,1791,1060,10,3,3.84,2020-12-01,2020-12-09,0
448,993,5438,14,4,5.05,2020-11-29,2020-12-05,0
449,84,3502,25,3,2.24,2020-11-11,2020-12-27,1
450,894,4388,19,9,5.95,2020-10-07,2021-01-03,0
451,1612,5202,14,14,1.71,2020-11-04,2020-12-01,0
452,1823,3149,20,12,2.99,2020-10-28,2020-12-22,0
453,1243,4607,9,11,7.38,2020-10-23,2020-12-06,0
454,793,139,24,1,8.12,2020-10-06,2020-12-15,0
455,1656,3912,22,15,9.82,2020-10-11,2020-12-05,0
456,2086,1851,9,8,6.90,2020-10-28,2020-12-23,1
457,1124,1436,7,5,8.16,2020-10-03,2020-12-19,0
458,61,3976,8,13,3.85,2020-11-09,2021-01-04,1
459,1287,5027,23,13,2.49,2020-10-23,2020-12-09,1
460,745,1499,11,11,7.35,2020-11-24,2020-12-30,0
461,2461,4600,23,3,6.55,2020-11-27,2020-12-23,1
462,1831,4387,22,5,1.16,2020-11-13,2020-12-03,0
463,1781,407,2,13,9.03,2020-10-11,2020-12-30,0
464,1746,755,14,1,8.51,2020-10-14,2020-12-05,0
465,1113,3906,1,9,1.80,2020-11-14,2020-12-18,0
466,1601,569,18,12,7.41,2020-12-01,2020-12-09,0
467,99,1601,21,11,2.16,2020-10-04,2020-12-18,0
468,2103,5639,5,4,31.12,2020-12-02,2020-12-20,0
469,1907,2509,9,5,0.74,2020-11-02,2020-12-15,0
470,712,2513,17,13,8.04,2020-10-15,2021-01-01,0
471,390,649,11,5,3.35,2020-11-13,2020-12-23,1
472,414,4160,14,9,2.04,2020-10-04,2021-01-04,1
473,2420,3300,21,4,9.71,2020-10-01,2020-12-27,0
474,111,5094,17,13,3.45,2020-10-27,2020-11-30,0
475,1928,3671,10,3,2.88,2020-10-12,2020-12-20,0
476,1567,1412,14,4,6.20,2020-10-04,2020-12-01,1
477,1978,286,15,13,1.03,2020-11-30,2020-12-21,0
478,938,4559,22,9,9.55,2020-12-04,2020-12-26,1
479,2331,4502,24,15,6.50,2020-11-16,2020-12-11,1
480,2090,5256,17,7,0.21,2020-11-29,2020-12-11,1
481,1611,5204,16,15,3.00,2020-10-30,2020-12-24,1
482,2457,3736,22,1,11.95,2020-11-08,2020-12-09,0
483,947,561,6,3,2.16,2020-11-27,2020-12-06,0
484,129,2587,1,9,3.30,2020-11-29,2020-12-06,1
485,1390,3922,4,1,0.40,2020-10-26,2020-12-08,0
486,1710,1232,13,3,0.78,2020-11-10,2020-12-24,0
487,2566,407,17,2,9.00,2020-10-17,2020-12-26,0
488,43,5177,13,4,5.39,2020-10-31,2020-12-28,0
489,230,643,18,4,7.52,2020-10-07,2020-12-04,1
490,1332,1051,15,11,2.40,2020-11-08,2020-12-22,0
491,2534,5363,12,4,3.12,2020-11-25,2020-12-21,0
492,1345,2467,1,4,2.76,2020-10-01,2020-12-11,0
493,2562,5529,17,4,3.06,2020-12-07,2020-12-13,0
494,1744,5339,11,15,6.15,2020-11-15,2020-12-02,0
495,1780,5640,9,1,3.23,2020-10-04,2020-12-19,1
496,362,1747,14,5,4.92,2020-12-05,2020-12-18,1
497,493,2097,8,1,2.27,2020-11-10,2020-12-02,0
498,1830,3468,6,1,8.38,2020-10-14,2020-12-27,0
499,1160,4215,12,2,0.75,2020-10-16,2020-12-21,0
500,1234,1265,12,1,12.31,2020-10-22,2020-11-27,1
501,2563,5522,12,9,7.87,2020-11-04,2020-12-10,1
502,248,1016,3,2,9.75,2020-11-28,2020-12-10,0
503,1776,4641,12,7,4.29,2020-11-08,2020-12-07,0
504,1975,3539,22,8,10.99,2020-11-01,2020-12-30,0
505,1818,3415,14,4,5.65,2020-11-14,2021-01-04,0
506,2213,2480,13,13,5.16,2020-10-18,2020-11-30,0
507,559,415,11,14,9.97,2020-10-19,2020-11-27,0
508,1990,2277,16,1,9.55,2020-11-15,2020-12-27,0
509,2110,1724,7,4,0.03,2020-10-06,2020-11-27,1
510,2135,1945,3,5,7.74,2020-10-02,2020-12-09,1
511,1741,1848,6,1,4.78,2020-11-11,2020-12-24,0
512,2280,2540,4,11,28.73,2020-11-11,2020-12-12,1
513,1757,1201,2,15,7.31,2020-10-07,2021-01-03,0
514,1285,163,13,3,2.35,2020-11-15,2020-12-14,0
515,2030,5458,20,14,0.95,2020-10-15,2020-12-11,1
516,771,3974,21,13,14.65,2020-10-10,2020-12-26,0
517,701,1635,22,12,3.29,2020-11-13,2020-12-02,0
518,2442,2511,24,2,0.13,2020-12-07,2020-12-16,0
519,861,2522,9,14,8.71,2020-10-28,2020-12-27,1
520,97,1620,9,4,1.48,2020-10-19,2020-12-19,0
521,1339,398,24,10,0.83,2020-10-25,2020-12-30,1
522,618,836,18,13,0.83,2020-10-02,2020-12-23,1
523,112,980,8,2,2.58,2020-11-30,2020-11-28,1
524,279,3798,24,8,3.15,2020-12-04,2020-12-08,0
525,1655,1880,1,15,2.41,2020-10-27,2020-12-21,1
526,686,247,2,2,0.24,2020-11-27,2020-12-20,1
527,355,4123,20,3,3.45,2020-10-16,2020-11-28,0
528,2004,1218,19,12,14.71,2020-11-02,2020-12-02,0
529,672,5159,22,14,4.13,2020-12-04,2020-12-30,0
530,54,5476,13,8,6.55,2020-11-19,2020-12-13,0
531,1621,3188,1,14,3.94,2020-11-29,2020-12-18,1
532,2288,914,16,4,6.48,2020-12-05,2020-12-28,0
533,831,4642,19,2,5.88,2020-10-29,2020-12-12,0
534,1539,72,8,15,2.63,2020-10-05,2020-12-04,0
535,2282,2055,2,3,0.56,2020-12-07,2021-01-04,1
536,2568,2461,5,2,1.77,2020-10-04,2020-12-09,0
537,113,526,12,1,6.32,2020-11-24,2020-12-12,0
538,2505,1057,16,10,6.33,2020-12-07,2020-12-06,0
539,81,1619,22,14,6.98,2020-10-26,2020-12-09,0
540,1705,2234,23,10,7.06,2020-11-12,2020-12-08,0
541,1725,781,6,13,0.84,2020-10-27,2020-12-04,0
542,590,4222,11,3,0.16,2020-10-08,2020-12-17,1
543,86,4815,17,1,1.66,2020-12-02,2020-12-13,0
544,461,744,9,9,1.63,2020-10-10,2020-12-29,0
545,925,4226,24,10,3.65,2020-11-20,2020-12-11,0
546,2455,5368,7,8,6.96,2020-12-02,2020-12-01,0
547,874,2106,23,6,0.40,2020-11-17,2020-11-30,0
548,1627,5758,20,2,4.00,2020-10-04,2020-11-29,0
549,113,5805,24,3,4.68,2020-10-18,2020-12-02,0
550,176,2176,20,5,6.80,2020-11-14,2020-12-03,0
551,1484,3341,4,7,14.93,2020-10-06,2021-01-03,0
552,465,4210,23,14,0.09,2020-10-06,2020-12-15,0
553,1315,3118,23,12,25.92,2020-11-03,2020-12-20,0
554,289,4704,17,1,0.41,2020-11-13,2020-12-26,0
555,1337,161,21,1,1.21,2020-11-01,2020-12-19,1
556,1683,5232,25,5,1.77,2020-10-31,2020-12-24,0
557,149,3560,24,4,2.00,2020-10-12,2020-12-16,0
558,1273,408,9,13,4.41,2020-11-08,2020-12-22,0
559,1662,117,21,8,8.11,2020-12-01,2020-12-31,1
560,859,1569,22,6,4.79,2020-11-26,2021-01-02,1
561,1846,65,21,2,1.75,2020-11-19,2020-12-08,0
562,1508,2237,23,1,4.08,2020-10-05,2020-12-04,0
563,377,665,2,15,2.53,2020-12-02,2020-11-30,1
564,210,4355,23,14,4.76,2020-11-03,2020-12-11,0
565,457,2847,3,11,2.67,2020-11-10,2021-01-01,0
566,2342,2235,1,10,5.73,2020-10-10,2020-12-25,0
567,449,4491,13,3,8.27,2020-10-21,2020-12-07,0
568,1171,5363,17,9,9.11,2020-11-20,2020-12-17,0
569,2523,4087,12,11,7.17,2020-10-10,2020-12-17,0
570,2423,1048,24,10,8.48,2020-11-07,2020-12-04,0
571,2591,579,20,7,3.07,2020-10-01,2020-12-11,0
572,2045,1849,3,2,6.07,2020-10-13,2020-12-10,0
573,407,3528,21,4,3.91,2020-10-09,2020-11-28,0
574,1413,465,22,2,2.18,2020-11-03,2020-11-30,0
575,2584,4524,20,3,4.73,2020-10-04,2020-12-01,0
576,1809,4338,2,5,6.77,2020-11-25,2020-12-19,0
577,2239,3843,13,2,4.21,2020-11-23,2020-12-18,1
578,1387,2227,25,4,5.64,2020-11-11,2020-12-18,0
579,830,4909,5,6,8.95,2020-11-17,2020-12-01,0
580,2578,1539,20,1,3.65,2020-10-21,2020-12-11,0
581,1412,1171,10,5,4.86,2020-10-24,2020-12-17,0
582,410,5688,17,2,9.47,2020-10-19,2020-12-16,1
583,2372,5584,8,11,5.37,2020-10-20,2020-12-26,0
584,2518,3852,11,5,6.45,2020-11-23,2020-12-23,0
585,1916,4448,8,3,1.79,2020-12-05,2020-12-13,0
586,1752,1298,16,12,1.97,2020-11-14,2020-12-06,0
587,734,3610,7,5,4.42,2020-11-29,2020-12-24,0
588,1352,4091,18,3,6.84,2020-11-20,2020-12-26,1
589,2573,2564,5,1,9.95,2020-10-23,2020-12-28,1
590,1884,4566,20,1,10.28,2020-10-28,2021-01-01,1
591,539,2007,22,4,2.58,2020-10-08,2020-12-29,1
592,1366,5758,11,1,9.21,2020-10-27,2020-12-09,1
593,951,5028,13,10,5.32,2020-12-01,2020-12-06,0
594,1780,4974,13,15,4.09,2020-11-06,2020-12-08,0
595,2094,2048,7,4,3.10,2020-10-22,2020-12-22,0
596,1291,5576,17,15,0.95,2020-11-19,2020-12-03,0
597,471,5661,25,1,4.02,2020-10-31,2020-12-17,0
598,541,3723,4,1,11.54,2020-10-25,2021-01-04,1
599,73,4754,1,1,0.14,2020-10-01,2020-11-27,1
600,1419,2080,21,14,3.40,2020-11-16,2020-12-05,0
601,973,4672,19,5,5.24,2020-11-20,2020-12-28,0
602,222,3556,15,4,1.71,2020-10-20,2020-11-28,0
603,1917,3986,11,14,4.87,2020-12-03,2020-12-12,0
604,1702,230,19,5,0.13,2020-11-10,2020-12-12,0
605,818,2870,15,9,1.27,2020-11-10,2020-12-06,0
606,1302,123,5,10,5.55,2020-10-14,2020-12-07,0
607,237,5485,15,5,9.33,2020-11-17,2021-01-01,0
608,2033,2178,8,1,1.86,2020-10-10,2020-12-14,0
609,717,262,18,9,6.75,2020-10-27,2020-12-25,0
610,1587,111,21,1,8.36,2020-11-11,2020-12-28,1
611,2305,4727,20,5,0.15,2020-11-29,2020-11-27,0
612,2583,2670,11,3,31.69,2020-11-01,2020-12-13,0
613,1923,4850,3,14,2.48,2020-12-02,2020-12-21,0
614,2544,5032,20,2,8.64,2020-10-25,2020-11-29,0
615,2319,4117,14,10,2.64,2020-11-20,2021-01-01,0
616,1779,2213,5,1,8.37,2020-11-09,2020-11-28,0
617,1673,2346,9,12,0.20,2020-10-24,2021-01-04,0
618,1348,4107,4,5,9.04,2020-10-22,2020-12-05,0
619,2311,1836,9,14,1.63,2020-10-21,2020-12-16,0
620,1728,2891,13,2,2.57,2020-11-15,2021-01-04,1
621,1900,2973,19,10,6.30,2020-10-11,2020-12-19,1
622,1602,3957,16,8,1.36,2020-11-09,2020-11-27,1
623,1874,2032,21,14,9.99,2020-10-18,2020-12-26,0
624,483,2573,11,8,4.51,2020-10-31,2020-12-13,0
625,433,2697,20,1,5.89,2020-12-03,2021-01-04,0
626,1540,45,1,3,4.12,2020-10-27,2020-12-26,1
627,79,675,18,3,1.41,2020-11-23,2020-12-25,1
628,2513,3746,22,9,1.93,2020-10-10,2020-12-23,0
629,1758,2428,20,13,13.00,2020-11-11,2020-12-31,0
630,1340,2196,14,3,17.03,2020-11-24,2020-12-15,0
631,2524,2496,13,13,7.20,2020-11-11,2021-01-04,0
632,1960,792,23,11,8.92,2020-12-03,2020-12-13,0
633,2005,1960,21,13,2.21,2020-10-21,2020-11-29,0
634,467,1449,5,11,5.23,2020-10-26,2020-12-23,0
635,892,5289,12,9,3.08,2020-11-11,2020-12-31,1
636,580,1749,13,3,0.68,2020-11-16,2020-12-02,1
637,570,4778,25,4,6.76,2020-11-16,2020-12-26,0
638,1564,1350,2,1,1.48,2020-11-24,2020-12-03,1
639,2371,3583,20,15,4.84,2020-11-12,2021-01-03,0
640,394,1522,4,6,5.29,2020-10-26,2020-12-18,0
641,2109,2027,5,3,2.82,2020-11-19,2020-12-19,1
642,1392,3300,25,2,6.83,2020-11-17,2020-12-29,0
643,1124,1409,21,13,29.26,2020-10-23,2020-12-09,0
644,2289,1905,18,14,6.71,2020-11-17,2021-01-01,0
645,870,2756,13,14,6.03,2020-11-29,2020-12-08,0
646,2543,267,20,12,3.41,2020-10-07,2020-12-05,1
647,1630,363,1,4,3.80,2020-11-10,2020-12-08,0
648,1383,1973,22,8,2.25,2020-11-04,2020-12-16,0
649,705,5115,24,6,6.99,2020-11-17,2021-01-03,0
650,2551,1946,13,8,7.80,2020-10-12,2021-01-02,1
651,355,3228,15,3,9.75,2020-10-09,2020-12-28,0
652,2588,5460,10,6,2.11,2020-10-01,2021-01-04,1
653,966,503,11,12,1.60,2020-11-23,2021-01-04,0
654,677,3057,2,9,10.05,2020-12-07,2020-12-14,0
655,2140,3956,3,15,3.22,2020-10-02,2020-12-09,0
656,261,4119,6,2,0.48,2020-11-23,2020-12-10,0
657,85,134,4,1,6.63,2020-11-27,2020-12-23,0
658,1968,3857,24,11,10.43,2020-11-25,2020-12-02,0
659,1347,2768,9,8,7.07,2020-10-02,2020-11-29,0
660,1476,2429,9,6,0.12,2020-12-02,2020-11-27,0
661,623,2248,6,14,9.90,2020-10-19,2020-11-28,1
662,720,4230,19,3,2.99,2020-10-04,2020-12-29,0
663,1741,1493,9,6,5.90,2020-10-22,2020-12-05,0
664,229,2736,8,1,1.28,2020-11-15,2020-11-30,0
665,2176,5370,17,10,0.50,2020-12-01,2020-11-30,0
666,875,1008,19,9,0.58,2020-11-27,2020-12-08,0
667,978,4348,12,9,2.08,2020-11-11,2020-12-05,1
668,1313,2054,2,4,2.60,2020-10-11,2020-12-19,1
669,185,65,9,11,5.86,2020-11-26,2020-12-30,0
670,2110,170,5,2,6.65,2020-11-16,2020-12-10,0
671,1501,4409,8,4,1.21,2020-11-15,2020-12-19,0
672,1131,3584,6,4,5.53,2020-11-30,2021-01-02,0
673,1323,2049,15,14,13.90,2020-10-06,2020-12-10,0
674,2420,4784,9,2,1.54,2020-11-20,2020-12-04,0
675,1229,5643,22,7,0.28,2020-10-14,2020-12-13,1
676,369,1250,2,4,0.57,2020-11-26,2020-11-27,1
677,354,4358,21,8,4.03,2020-11-03,2020-12-27,0
678,2223,4806,1,1,11.02,2020-11-16,2020-12-05,0
679,1557,1168,21,10,4.58,2020-11-19,2020-12-12,0
680,1614,4132,22,2,2.26,2020-10-24,2020-12-30,0
681,351,1079,21,2,6.87,2020-10-02,2020-12-26,0
682,640,2304,13,4,1.32,2020-10-02,2021-01-01,0
683,1154,4839,14,3,12.89,2020-10-26,2020-12-18,0
684,1527,290,1,1,2.80,2020-10-03,2020-12-26,0
685,1973,2419,1,2,4.64,2020-11-06,2021-01-03,1
686,1329,5019,19,7,17.99,2020-11-19,2020-12-30,1
687,2239,1949,2,2,2.64,2020-11-16,2020-12-18,1
688,252,5165,4,3,5.59,2020-12-06,2020-12-05,0
689,1608,3862,11,14,4.23,2020-10-25,2020-12-02,0
690,1123,342,18,1,33.57,2020-10-11,2020-12-13,0
691,644,2761,12,12,5.33,2020-12-04,2020-12-29,0
692,1178,4050,8,13,7.29,2020-11-13,2020-12-08,1
693,98,3611,16,13,7.79,2020-10-18,2020-11-28,0
694,74,4947,8,4,2.49,2020-11-19,2020-12-03,1
695,2470,2148,19,12,0.26,2020-10-16,2020-12-20,0
696,738,2429,20,5,0.42,2020-10-26,2020-12-11,1
697,682,4921,14,8,6.52,2020-11-12,2020-12-09,0
698,75,3897,15,4,4.13,2020-10-12,2020-12-13,1
699,360,4981,21,14,6.21,2020-10-25,2020-12-10,0
700,914,1511,18,12,1.51,2020-11-06,2020-12-18,0
701,304,528,10,5,7.20,2020-11-05,2020-12-09,0
702,1764,686,5,5,1.94,2020-11-08,2020-12-07,1
703,45,124,13,11,6.12,2020-12-02,2021-01-04,1
704,2359,1043,25,4,4.40,2020-10-09,2020-12-18,0
705,1497,264,3,9,8.61,2020-12-03,2020-12-22,1
706,186,4316,25,1,9.31,2020-10-10,2021-01-04,0
707,2376,3970,23,14,24.94,2020-10-21,2020-12-30,0
708,1909,2273,3,6,5.03,2020-11-05,2020-12-20,0
709,243,3972,5,3,4.23,2020-10-15,2020-12-17,0
710,2556,654,25,4,0.92,2020-11-15,2020-12-22,0
711,1805,5449,9,10,6.85,2020-10-06,2020-12-19,0
712,26,153,25,1,6.18,2020-10-06,2020-12-21,0
713,2135,4939,23,13,5.06,2020-10-09,2020-12-10,0
714,279,2139,4,3,0.58,2020-10-09,2020-12-21,0
715,1503,3965,19,3,6.62,2020-11-01,2020-12-28,0
716,619,5025,4,6,2.63,2020-10-20,2020-12-12,1
717,1507,4621,12,9,8.47,2020-10-13,2020-12-30,0
718,346,295,21,9,14.26,2020-10-29,2020-12-05,0
719,1411,4724,17,4,8.61,2020-11-08,2020-12-13,1
720,1241,739,10,4,6.50,2020-11-14,2020-12-20,0
721,131,2030,18,3,2.28,2020-11-24,2020-12-30,0
722,748,907,24,13,6.92,2020-11-22,2021-01-04,0
723,493,2938,11,15,6.05,2020-12-05,2020-12-27,0
724,235,2879,23,12,2.58,2020-12-03,2020-12-14,0
725,1461,674,4,1,0.53,2020-10-26,2020-12-27,0
726,261,5386,6,11,1.62,2020-10-13,2020-12-26,0
727,1314,2486,8,13,7.30,2020-12-07,2020-12-20,0
728,2100,1516,23,8,7.12,2020-10-06,2020-12-20,0
729,1687,3026,23,11,1.61,2020-11-09,2020-12-31,1
730,413,2933,5,6,6.22,2020-10-25,2020-12-04,0
731,1998,329,19,2,4.90,2020-10-12,2020-12-24,0
732,1540,182,12,4,0.66,2020-11-30,2020-12-03,0
733,939,5212,19,15,2.63,2020-12-05,2020-12-01,0
734,2472,2651,12,4,3.39,2020-10-02,2020-12-12,0
735,2205,2720,17,4,4.16,2020-10-16,2020-12-15,0
736,628,4899,19,11,9.18,2020-10-24,2021-01-02,0
737,2442,4612,20,2,2.71,2020-10-13,2020-12-06,0
738,2356,4823,25,6,14.89,2020-10-31,2020-12-14,0
739,1246,457,15,10,3.68,2020-10-12,2020-11-29,0
740,1408,3936,24,3,9.06,2020-10-19,2020-12-03,0
741,436,2465,3,12,5.75,2020-10-03,2020-12-25,0
742,2509,4356,21,4,8.24,2020-10-07,2020-12-01,0
743,2586,55,2,15,6.97,2020-10-25,2020-11-30,0
744,618,386,24,9,12.70,2020-11-19,2020-12-08,0
745,2528,1700,11,2,0.09,2020-11-02,2020-12-08,1
746,2252,556,10,3,7.14,2020-11-01,2020-12-27,0
747,176,4161,23,11,9.05,2020-12-05,2020-12-11,0
748,1681,3210,25,1,5.76,2020-11-08,2020-12-03,0
749,713,4592,13,12,11.87,2020-10-17,2020-12-08,0
750,790,5702,22,3,0.64,2020-10-25,2020-12-10,1
751,2512,652,4,3,9.88,2020-10-09,2020-12-21,0
752,1243,5723,17,10,14.05,2020-11-19,2020-12-30,0
753,1394,3628,20,4,6.63,2020-11-13,2020-12-06,0
754,159,4184,21,8,4.85,2020-11-04,2020-12-18,1
755,2170,1821,13,12,2.29,2020-11-02,2020-12-11,0
756,2020,4898,5,13,27.70,2020-10-17,2020-11-28,0
757,212,4757,25,2,8.94,2020-11-03,2020-12-21,1
758,2225,4854,8,14,3.68,2020-10-29,2020-12-29,0
759,216,247,2,11,9.80,2020-11-15,2020-12-08,0
760,1654,3651,9,11,13.97,2020-11-27,2020-12-29,0
761,549,2770,7,9,11.58,2020-12-07,2020-11-28,0
762,143,5639,3,14,3.15,2020-11-21,2020-12-11,1
763,2358,5455,4,14,9.93,2020-11-29,2020-12-10,1
764,982,1846,5,8,2.55,2020-10-07,2020-12-29,1
765,723,4408,3,1,8.91,2020-11-22,2020-12-02,1
766,2566,3807,4,1,0.50,2020-11-19,2020-12-05,0
767,1171,4965,3,9,6.01,2020-10-12,2020-12-25,0
768,134,2524,21,9,0.56,2020-11-10,2020-12-29,0
769,403,1718,5,3,1.40,2020-12-05,2020-12-12,0
770,1556,3973,16,9,9.23,2020-11-09,2020-11-30,0
771,2198,3451,4,3,0.30,2020-12-02,2020-12-19,0
772,2051,983,7,13,13.44,2020-10-16,2020-12-09,1
773,2060,2841,10,4,5.63,2020-10-11,2020-12-01,0
774,415,4611,16,14,6.12,2020-11-06,2020-12-11,0
775,2368,4772,25,6,5.13,2020-11-09,2021-01-02,1
776,466,5651,7,4,1.37,2020-10-08,2021-01-01,1
777,2259,1215,8,1,6.43,2020-10-06,2020-12-08,0
778,1600,758,6,2,7.28,2020-12-05,2020-12-12,1
779,463,2304,17,8,1.54,2020-10-18,2020-12-12,1
780,109,4280,21,1,4.31,2020-11-25,2020-12-11,0
781,171,2518,15,10,13.40,2020-10-07,2020-12-28,0
782,26,5529,17,2,8.68,2020-11-23,2020-12-14,0
783,2189,3646,22,15,2.62,2020-10-02,2020-12-03,0
784,858,2347,2,14,3.43,2020-11-08,2020-12-23,0
785,1212,624,4,8,6.26,2020-11-21,2020-12-28,0
786,1180,336,10,6,13.26,2020-10-21,2021-01-01,0
787,2308,3794,2,4,7.80,2020-10-01,2020-12-05,0
788,523,5562,1,3,6.77,2020-11-03,2020-12-25,0
789,1120,339,1,12,6.44,2020-12-01,2020-12-08,1
790,1630,1536,2,15,5.59,2020-10-10,2020-12-19,0
791,2249,1795,9,13,1.70,2020-11-10,2020-11-30,0
792,72,5542,14,2,2.88,2020-11-22,2020-12-27,0
793,194,1812,21,4,8.34,2020-10-26,2020-12-19,0
794,1192,5506,25,3,4.14,2020-10-04,2020-12-26,0
795,147,2330,13,2,3.59,2020-10-19,2020-11-28,0
796,797,3243,1,9,4.90,2020-11-17,2020-12-12,0
797,2523,4003,25,13,0.48,2020-10-08,2020-12-30,0
798,1985,1605,5,11,5.69,2020-11-12,2020-11-30,0
799,92,792,18,3,1.95,2020-11-06,2020-12-07,0
800,542,4878,11,13,4.04,2020-10-01,2020-12-12,0
801,1429,3802,1,1,5.34,2020-10-31,2020-12-04,1
802,556,1829,14,13,7.66,2020-10-17,2020-12-15,0
803,456,805,5,15,7.57,2020-11-21,2020-12-13,0
804,668,5155,15,8,4.20,2020-10-21,2020-12-06,0
805,108,4778,5,7,9.83,2020-11-06,2020-12-28,0
806,1576,1772,21,4,2.60,2020-10-28,2020-12-11,1
807,599,348,13,1,5.01,2020-10-04,2020-12-01,1
808,1683,1236,12,13,7.56,2020-10-26,2020-12-02,1
809,223,1524,25,1,6.70,2020-11-03,2020-12-22,0
810,2363,3367,16,13,3.40,2020-10-10,2020-12-30,1
811,2504,552,15,1,2.45,2020-11-03,2020-12-26,0
812,64,2927,18,10,1.53,2020-11-01,2020-12-27,0
813,2242,1701,20,9,1.48,2020-10-10,2021-01-01,0
814,2217,3918,6,3,5.79,2020-10-06,2020-12-24,0
815,1380,5750,10,10,22.51,2020-12-02,2020-12-07,0
816,1972,3447,4,7,1.25,2020-10-21,2020-12-12,0
817,9,425,7,4,6.62,2020-12-07,2020-12-27,0
818,2235,2881,2,12,12.56,2020-10-22,2020-12-28,0
819,1167,2629,16,14,16.75,2020-11-05,2020-12-10,0
820,2203,155,21,2,1.50,2020-10-14,2020-12-17,0
821,172,3351,7,13,3.69,2020-11-21,2020-12-04,1
822,1893,4544,3,7,0.23,2020-11-29,2020-12-30,0
823,1464,2609,23,11,4.92,2020-10-17,2020-12-04,0
824,143,4736,13,2,2.79,2020-11-11,2020-12-07,0
825,771,1106,1,1,4.27,2020-11-17,2020-12-08,0
826,2477,5383,9,15,7.97,2020-10-27,2020-12-30,0
827,855,2752,5,5,6.63,2020-10-17,2020-12-13,1
828,99,5635,19,6,2.63,2020-11-03,2020-12-18,0
829,1,2223,1,10,7.96,2020-10-25,2020-12-23,0
830,1274,983,20,7,11.03,2020-10-11,2020-12-03,0
831,1730,443,25,1,5.35,2020-11-07,2020-12-16,0
832,1738,5614,24,1,7.00,2020-11-17,2020-12-25,0
833,1860,5221,11,2,2.57,2020-10-14,2020-12-25,0
834,565,5623,21,7,3.98,2020-11-20,2021-01-03,0
835,382,1039,22,14,3.86,2020-11-18,2020-12-03,0
836,1229,1853,5,1,6.81,2020-11-24,2020-12-20,1
837,2315,2021,10,6,4.96,2020-10-20,2020-12-14,0
838,1377,3966,3,4,2.83,2020-10-17,2021-01-03,0
839,255,3371,17,10,0.33,2020-11-04,2020-12-18,0
840,2364,2632,22,9,6.91,2020-10-19,2020-12-05,0
841,1264,4808,25,3,2.08,2020-10-15,2020-12-31,0
842,1915,2497,4,8,2.41,2020-10-05,2020-12-03,0
843,1631,1711,15,10,9.89,2020-11-09,2020-12-01,0
844,472,1793,1,1,1.36,2020-12-06,2020-12-13,0
845,2038,242,10,2,4.63,2020-10-01,2020-11-30,1
846,2304,531,23,4,1.70,2020-11-07,2020-12-04,0
847,2583,2099,17,14,11.84,2020-11-16,2020-12-09,1
848,2375,3713,16,2,0.31,2020-10-28,2020-12-17,1
849,390,627,13,2,4.73,2020-11-18,2021-01-03,0
850,2296,2149,6,3,2.83,2020-11-16,2020-12-07,0
851,1379,5566,22,1,0.78,2020-12-04,2020-12-23,1
852,959,2558,18,1,13.55,2020-10-11,2021-01-04,1
853,2585,5249,3,1,2.79,2020-12-07,2020-12-12,0
854,1454,5139,4,7,0.03,2020-11-20,2020-12-30,0
855,1653,3530,12,1,6.76,2020-11-29,2020-12-12,0
856,922,5721,12,8,1.92,2020-10-16,2021-01-03,1
857,1315,225,14,10,6.29,2020-11-13,2020-11-27,0
858,695,4850,1,9,27.05,2020-10-26,2020-12-04,0
859,618,1113,17,4,1.62,2020-10-01,2020-12-28,0
860,1774,4623,11,6,1.83,2020-11-06,2020-12-18,0
861,1747,5683,22,15,10.92,2020-11-23,2020-12-09,0
862,61,5504,20,14,3.79,2020-12-02,2021-01-01,0
863,377,2140,3,12,1.50,2020-11-09,2020-12-19,0
864,864,1018,16,4,2.75,2020-11-10,2020-12-17,0
865,1964,903,19,13,2.41,2020-10-19,2020-12-20,0
866,1339,411,3,5,8.04,2020-11-30,2020-12-31,1
867,2234,2526,17,4,8.07,2020-12-03,2020-12-15,0
868,1898,5456,21,7,1.77,2020-11-03,2020-12-15,0
869,292,2569,4,7,1.00,2020-10-31,2020-12-01,0
870,24,4421,7,9,0.97,2020-11-12,2020-12-13,0
871,1881,946,23,1,6.19,2020-10-06,2020-12-09,0
872,1732,831,12,12,4.76,2020-10-15,2020-12-17,0
873,880,139,25,3,5.26,2020-10-25,2020-12-24,0
874,663,524,15,12,3.72,2020-11-02,2020-11-27,1
875,1696,5475,2,7,3.98,2020-10-13,2020-12-05,0
876,1533,2404,23,1,3.74,2020-10-20,2020-12-02,0
877,292,4049,20,14,14.47,2020-12-05,2020-11-27,0
878,1443,1832,17,1,7.77,2020-10-12,2020-12-28,0
879,1587,3533,18,1,2.81,2020-10-21,2020-12-27,0
880,1268,2241,2,2,14.34,2020-11-27,2020-12-10,0
881,2302,5077,6,14,1.55,2020-10-26,2021-01-04,0
882,1162,1342,6,1,0.04,2020-11-21,2021-01-01,0
883,1232,4024,23,4,1.17,2020-11-20,2020-12-09,1
884,1225,1062,9,3,1.10,2020-10-07,2020-12-10,1
885,297,2181,24,4,0.55,2020-10-11,2020-12-02,0
886,109,1315,6,2,2.62,2020-11-02,2020-12-28,0
887,2177,3478,17,6,3.02,2020-12-03,2020-12-18,0
888,2320,2656,1,9,5.89,2020-12-02,2020-12-26,0
889,688,2344,3,3,5.73,2020-11-21,2020-12-28,0
890,807,1253,15,14,9.38,2020-11-18,2020-12-19,0
891,88,2660,9,10,2.88,2020-10-08,2021-01-03,0
892,1206,3008,17,9,4.95,2020-10-12,2020-12-07,0
893,2023,4170,15,3,2.08,2020-11-11,2020-11-30,0
894,28,2397,19,8,4.01,2020-11-12,2020-12-16,0
895,1782,2545,16,2,4.72,2020-11-24,2020-12-25,1
896,295,2547,10,7,6.75,2020-10-06,2020-12-05,0
897,2226,4149,23,12,3.23,2020-10-05,2021-01-01,1
898,383,4055,4,2,1.90,2020-11-03,2020-12-15,0
899,548,5538,17,10,2.48,2020-11-04,2020-12-25,1
900,541,3667,6,12,5.38,2020-10-06,2020-12-25,0
901,239,3348,5,8,1.27,2020-10-14,2021-01-02,1
902,2432,3911,8,10,9.04,2020-10-26,2020-12-19,0
903,1399,1546,10,6,8.24,2020-10-09,2020-12-18,1
904,467,4335,4,3,4.86,2020-11-02,2020-12-22,0
905,2251,2598,19,13,2.55,2020-11-14,2020-12-11,0
906,866,4303,11,1,0.29,2020-10-02,2020-12-15,0
907,649,3493,10,5,9.75,2020-10-12,2020-12-07,0
908,2577,2561,1,13,5.71,2020-10-12,2020-12-24,0
909,352,305,9,2,3.58,2020-11-22,2020-12-21,0
910,1739,735,3,3,6.14,2020-11-17,2020-12-21,1
911,902,5779,13,7,4.08,2020-12-03,2020-12-13,0
912,547,2714,16,4,4.33,2020-10-15,2021-01-01,0
913,2135,3262,13,3,3.61,2020-11-20,2020-12-13,1
914,116,552,5,14,9.29,2020-10-13,2021-01-04,1
915,2173,5560,12,2,0.40,2020-11-12,2021-01-02,0
916,696,1092,6,9,5.15,2020-11-15,2020-12-02,1
917,1555,1710,11,13,0.44,2020-12-06,2020-12-25,0
918,1751,3667,2,4,2.88,2020-10-12,2021-01-03,0
919,128,4933,25,4,2.32,2020-10-28,2020-12-18,1
920,870,2099,12,13,4.85,2020-10-29,2020-12-08,0
921,2306,4997,4,11,1.94,2020-12-06,2021-01-02,0
922,281,948,13,11,3.60,2020-10-10,2020-12-11,0
923,1633,897,17,12,4.33,2020-11-03,2020-12-29,1
924,1322,4492,13,5,4.64,2020-10-09,2021-01-03,1
925,173,5782,24,4,2.12,2020-11-30,2020-12-03,1
926,963,2643,10,3,5.35,2020-10-20,2020-12-11,0
927,2192,5564,22,11,12.51,2020-10-16,2020-12-22,0
928,828,5713,21,1,13.91,2020-11-06,2020-12-10,1
929,1151,997,10,2,4.38,2020-10-13,2020-12-10,0
930,499,1864,12,8,2.95,2020-11-06,2020-12-28,0
931,578,3437,12,11,2.67,2020-10-08,2020-12-26,0
932,2344,4342,6,1,1.64,2020-11-27,2020-12-29,1
933,222,955,8,10,6.66,2020-11-16,2020-12-29,0
934,506,1360,7,6,8.13,2020-10-31,2020-12-02,1
935,185,5536,25,3,1.35,2020-12-05,2020-12-09,1
936,1126,1448,1,13,2.35,2020-10-06,2020-12-21,1
937,1478,2200,10,14,5.92,2020-10-31,2020-12-31,0
938,1376,1958,4,3,3.55,2020-11-25,2020-12-16,0
939,988,4475,2,8,26.16,2020-11-07,2020-12-22,1
940,1777,5222,13,5,0.31,2020-10-07,2020-12-05,0
941,1212,2542,9,5,1.53,2020-11-27,2020-12-05,1
942,1809,5296,11,14,7.32,2020-11-15,2020-12-14,1
943,1316,660,11,10,9.36,2020-11-26,2020-12-21,0
944,470,5359,23,10,6.77,2020-11-21,2020-11-29,0
945,1448,4397,6,3,5.47,2020-12-06,2020-12-21,0
946,2022,578,25,15,2.86,2020-11-28,2020-11-27,1
947,1817,4890,4,1,9.68,2020-11-07,2020-12-13,0
948,229,365,20,10,4.86,2020-11-24,2020-12-04,0
949,938,4266,3,10,14.84,2020-11-23,2020-12-21,0
950,1510,5678,10,1,9.19,2020-12-05,2020-12-31,0
951,2090,3440,8,3,0.35,2020-11-15,2020-11-28,0
952,295,788,13,5,5.09,2020-12-05,2020-12-30,1
953,920,1085,2,6,0.52,2020-11-20,2020-12-20,0
954,551,5759,9,15,3.31,2020-11-14,2020-12-30,0
955,1593,1303,16,2,2.11,2020-10-15,2020-12-17,1
956,1538,3053,10,8,2.38,2020-10-26,2020-12-05,1
957,405,4268,8,2,2.79,2020-12-03,2021-01-02,0
958,2479,1551,4,8,0.08,2020-11-14,2020-12-06,1
959,420,357,9,4,8.68,2020-10-13,2020-12-24,0
960,1238,3811,21,15,7.90,2020-11-10,2020-12-27,0
961,1194,3792,10,2,1.35,2020-12-02,2020-11-29,0
962,365,1020,14,11,6.81,2020-10-24,2020-12-10,0
963,2185,851,16,3,0.22,2020-10-18,2020-12-08,0
964,2510,1434,10,14,22.91,2020-11-21,2020-12-17,0
965,596,1727,19,4,5.40,2020-10-14,2020-12-14,0
966,315,899,16,7,4.64,2020-10-12,2020-12-28,0
967,1226,804,1,4,8.00,2020-10-10,2020-12-13,0
968,2107,1518,24,8,2.69,2020-11-07,2021-01-01,1
969,1331,1776,7,2,1.09,2020-10-10,2020-12-09,0
970,1793,5373,5,2,1.30,2020-10-01,2020-12-17,0
971,1303,999,16,14,2.90,2020-11-03,2020-12-13,1
972,136,785,24,3,1.41,2020-11-04,2020-12-25,1
973,1948,2863,17,10,2.92,2020-10-11,2020-11-29,0
974,1779,620,2,2,14.56,2020-11-30,2020-12-27,0
975,1489,5041,14,6,7.24,2020-11-26,2020-12-04,0
976,2292,5461,1,4,3.75,2020-11-04,2020-12-11,0
977,563,467,3,5,6.46,2020-10-03,2020-12-31,0
978,1169,662,6,8,1.19,2020-12-03,2020-12-12,0
979,207,2507,18,1,5.77,2020-12-02,2020-12-29,0
980,331,5560,15,2,3.53,2020-11-22,2020-12-16,0
981,2526,290,25,4,1.53,2020-10-06,2020-11-27,0
982,445,3692,18,7,6.00,2020-11-06,2021-01-02,0
983,2014,3698,7,13,8.18,2020-11-07,2020-12-28,1
984,185,3429,14,3,1.92,2020-11-27,2020-12-16,0
985,1860,2632,4,13,0.07,2020-11-15,2020-11-30,0
986,2375,267,4,4,5.64,2020-10-08,2020-12-21,0
987,1749,4214,22,3,14.93,2020-10-21,2020-12-16,0
988,69,3221,1,7,0.71,2020-12-02,2020-12-28,1
989,1192,76,10,1,11.53,2020-10-22,2020-12-20,0
990,69,357,1,3,9.71,2020-10-16,2020-12-31,1
991,518,4992,24,3,3.25,2020-10-10,2020-12-13,0
992,78,445,15,13,1.70,2020-11-14,2020-12-28,0
993,2488,5207,12,11,9.81,2020-11-27,2020-12-05,0
994,2225,4736,7,11,5.73,2020-11-05,2020-12-28,0
995,1246,5437,18,1,9.41,2020-10-27,2020-12-26,0
996,685,1445,18,13,2.70,2020-11-19,2020-12-11,1
997,917,3226,23,14,3.15,2020-11-18,2020-12-04,1
998,2495,227,6,10,11.77,2020-11-12,2020-12-07,0
999,612,3835,19,2,0.97,2020-11-02,2020-11-30,0
1000,1311,4957,22,9,6.03,2020-12-04,2020-11-28,0
1001,2041,2004,19,11,4.78,2020-10-20,2020-12-21,1
1002,526,5322,21,1,5.76,2020-11-03,2021-01-01,0
1003,1162,368,10,3,2.49,2020-11-25,2020-12-12,0
1004,361,4648,1,15,13.85,2020-11-12,2020-12-23,1
1005,1250,5458,12,5,1.47,2020-10-15,2020-12-12,0
1006,2235,5686,21,4,3.30,2020-11-10,2020-12-08,0
1007,1259,2305,7,14,1.12,2020-10-13,2021-01-02,0
1008,1334,1958,2,12,6.22,2020-10-07,2020-12-08,0
1009,102,5676,24,4,6.58,2020-11-14,2020-12-07,0
1010,1816,4188,11,3,3.24,2020-11-15,2020-11-27,0
1011,1851,4278,22,10,6.04,2020-10-28,2020-12-30,0
1012,2321,2187,3,5,9.23,2020-10-23,2020-11-28,1
1013,1400,1957,14,2,11.70,2020-11-24,2021-01-03,1
1014,1152,3865,22,7,5.58,2020-10-05,2020-12-13,0
1015,1923,4762,6,2,0.77,2020-10-11,2020-12-17,1
1016,941,5060,19,14,0.75,2020-10-26,2020-12-29,1
1017,1684,4925,16,15,0.48,2020-10-25,2020-12-03,0
1018,694,1126,9,10,1.07,2020-11-23,2020-12-21,0
1019,549,3795,14,8,13.42,2020-10-23,2020-12-10,1
1020,954,3423,4,15,7.72,2020-10-17,2020-12-03,1
1021,253,3768,4,10,1.69,2020-11-10,2020-12-07,1
1022,906,827,5,1,1.55,2020-12-03,2020-12-20,0
1023,437,1627,8,4,1.03,2020-11-19,2020-12-11,0
1024,1394,3647,19,9,9.98,2020-11-14,2020-11-27,0
1025,442,2212,11,4,4.09,2020-11-14,2020-12-18,1
1026,2298,685,1,7,5.29,2020-11-07,2020-11-29,0
1027,812,3606,16,10,0.31,2020-12-04,2020-12-16,0
1028,1668,624,5,10,9.64,2020-11-27,2020-12-25,0
1029,2554,4060,19,4,0.50,2020-11-11,2020-12-26,0
1030,1185,2884,8,8,6.08,2020-11-23,2020-12-18,0
1031,2564,2438,4,1,2.86,2020-11-18,2020-12-24,0
1032,431,4796,20,6,7.60,2020-12-02,2020-12-30,1
1033,2142,4916,11,4,0.66,2020-11-08,2020-12-23,0
1034,966,2120,9,9,11.39,2020-11-18,2020-12-27,0
1035,1222,5691,18,3,4.16,2020-10-10,2020-12-16,0
1036,1295,925,15,5,3.55,2020-11-19,2021-01-03,0
1037,316,2669,20,2,3.53,2020-10-27,2020-12-06,0
1038,1265,3013,23,5,6.34,2020-11-13,2020-12-16,0
1039,1611,5181,24,2,0.70,2020-11-20,2021-01-04,1
1040,497,3681,18,12,8.34,2020-11-30,2020-12-26,0
1041,635,2027,14,14,1.04,2020-11-14,2021-01-04,0
1042,1935,1327,1,3,2.54,2020-10-26,2021-01-03,0
1043,1614,3925,1,7,10.16,2020-10-24,2021-01-02,0
1044,353,277,14,4,3.89,2020-11-24,2020-12-09,1
1045,1895,1576,18,6,5.26,2020-10-20,2020-12-31,1
1046,192,3177,20,3,2.52,2020-10-02,2020-12-11,0
1047,581,1744,14,10,7.42,2020-10-31,2020-12-19,0
1048,1533,4334,12,3,5.50,2020-10-13,2020-12-14,0
1049,1974,3975,18,11,4.71,2020-11-15,2020-12-08,0
1050,639,3899,19,10,7.14,2020-11-08,2020-12-21,0
1051,882,3840,21,13,0.03,2020-11-01,2020-12-13,0
1052,2566,385,24,2,2.79,2020-10-19,2020-11-28,1
1053,749,1369,5,15,6.78,2020-10-20,2020-12-01,0
1054,430,1203,25,6,1.97,2020-10-07,2020-12-31,0
1055,10,5044,18,14,2.45,2020-10-22,2020-11-30,0
1056,2244,3847,5,6,6.66,2020-11-26,2020-12-23,0
1057,2508,678,11,7,0.66,2020-10-31,2020-12-12,1
1058,2426,2908,4,15,9.01,2020-10-28,2020-12-08,1
1059,1378,2644,14,9,8.21,2020-11-22,2020-12-05,0
1060,2063,303,19,2,4.94,2020-11-27,2020-12-19,0
1061,1858,3072,13,6,11.03,2020-10-03,2020-11-28,0
1062,662,1770,9,4,2.05,2020-10-06,2020-12-25,0
1063,1741,500,1,3,9.94,2020-10-13,2020-12-22,0
1064,2065,5349,13,8,6.91,2020-11-29,2020-12-14,0
1065,453,5040,8,5,3.36,2020-11-05,2020-12-01,0
1066,2144,1712,7,14,3.31,2020-11-25,2020-12-29,0
1067,544,434,11,11,23.49,2020-11-13,2020-12-20,0
1068,2164,4510,11,1,24.68,2020-11-09,2020-12-26,0
1069,1164,5677,11,14,5.10,2020-10-01,2020-12-14,0
1070,714,325,22,14,1.57,2020-10-06,2020-12-29,0
1071,669,1103,9,15,5.67,2020-10-13,2020-12-07,1
1072,527,2920,6,2,1.20,2020-12-05,2020-12-13,0
1073,1364,2281,10,1,7.49,2020-11-13,2020-12-23,0
1074,1841,4322,15,3,0.43,2020-11-13,2020-12-25,0
1075,2534,2591,22,14,3.61,2020-10-28,2020-12-10,0
1076,2035,2730,13,3,2.28,2020-11-18,2020-12-05,0
1077,1211,1261,8,14,1.40,2020-10-08,2020-12-08,0
1078,2449,2465,4,13,8.27,2020-10-09,2020-12-31,0
1079,1609,4086,23,3,4.31,2020-11-27,2020-12-08,0
1080,569,4761,9,13,6.72,2020-10-28,2020-12-02,1
1081,2319,5774,20,14,13.06,2020-12-02,2020-12-28,0
1082,686,4983,18,1,3.54,2020-12-01,2020-12-30,0
1083,1510,405,9,13,1.73,2020-11-01,2020-12-30,0
1084,2144,2662,5,10,8.51,2020-11-19,2020-12-02,0
1085,237,309,10,3,2.28,2020-12-04,2020-12-02,0
1086,1209,4004,7,3,1.21,2020-10-02,2020-12-22,0
1087,2308,4707,15,13,4.11,2020-11-11,2020-11-27,0
1088,610,620,10,14,10.79,2020-10-17,2020-12-26,0
1089,572,2427,20,3,10.22,2020-10-18,2020-12-06,1
1090,1831,739,8,6,7.99,2020-10-22,2020-11-27,1
1091,283,1607,5,8,6.48,2020-10-24,2020-12-15,0
1092,2287,2759,11,6,1.72,2020-11-10,2020-12-07,0
1093,855,3258,13,4,3.43,2020-12-02,2020-12-24,1
1094,2314,3653,21,8,4.37,2020-11-10,2020-12-06,0
1095,164,4471,1,3,7.46,2020-12-05,2020-12-03,1
1096,2402,565,15,8,22.36,2020-10-24,2020-12-08,0
1097,971,3637,1,5,14.30,2020-10-16,2020-12-05,0
1098,575,4125,23,15,2.32,2020-10-28,2020-12-24,0
1099,1840,591,11,1,1.34,2020-10-16,2020-12-05,0
1100,649,290,20,11,2.54,2020-11-16,2021-01-02,0
1101,2152,2658,9,4,6.45,2020-11-04,2020-12-25,0
1102,1987,2682,1,15,4.17,2020-11-05,2020-12-04,0
1103,1166,3812,19,1,2.93,2020-11-23,2020-12-09,0
1104,2308,988,7,11,4.14,2020-10-03,2020-12-22,0
1105,1460,1211,8,11,4.68,2020-11-08,2020-12-05,0
1106,2384,1786,5,8,5.42,2020-10-16,2021-01-03,0
1107,917,5499,8,9,1.74,2020-10-04,2020-12-23,1
1108,1165,2455,19,1,1.17,2020-10-29,2021-01-03,0
1109,2181,119,16,3,4.61,2020-10-15,2020-11-28,0
1110,1513,2554,18,3,3.14,2020-11-11,2020-12-31,0
1111,240,5358,21,2,1.72,2020-10-24,2020-12-13,0
1112,1208,3444,16,4,3.61,2020-11-03,2020-12-12,0
1113,9,2446,18,6,3.50,2020-10-20,2020-12-11,1
1114,2063,4550,4,14,2.85,2020-10-20,2020-12-03,0
1115,85,3199,4,1,2.67,2020-11-13,2020-12-11,0
1116,1129,498,4,4,6.17,2020-11-16,2020-12-02,0
1117,2416,2499,22,3,5.02,2020-10-25,2020-12-27,1
1118,1159,1859,3,2,2.98,2020-10-24,2020-12-23,0
1119,153,1574,23,11,12.73,2020-11-11,2020-12-15,0
1120,49,1570,2,5,2.03,2020-10-12,2020-11-29,0
1121,1920,5280,5,11,9.98,2020-11-22,2021-01-01,0
1122,414,3268,1,1,1.76,2020-12-05,2020-12-13,0
1123,230,133,8,14,2.32,2020-11-10,2021-01-03,0
1124,1474,5342,1,6,0.91,2020-10-10,2020-12-14,0
1125,2386,3666,22,3,6.65,2020-11-15,2020-12-26,0
1126,2403,1637,20,2,4.08,2020-10-15,2020-11-27,0
1127,733,3259,21,11,1.87,2020-10-14,2020-12-27,0
1128,2303,4876,18,10,0.43,2020-11-07,2020-12-18,0
1129,1820,3440,10,3,8.53,2020-10-30,2020-12-24,1
1130,1196,3149,20,1,11.24,2020-12-02,2020-12-29,0
1131,1164,3368,16,8,5.37,2020-10-31,2020-12-21,0
1132,172,2188,18,5,1.84,2020-11-10,2020-12-29,0
1133,2400,4232,2,1,33.16,2020-10-04,2020-12-12,0
1134,218,4278,5,9,0.58,2020-10-15,2020-12-27,0
1135,1604,5446,5,9,3.97,2020-11-05,2021-01-03,0
1136,2553,2602,14,13,9.43,2020-11-15,2020-12-22,0
1137,907,4892,21,3,2.11,2020-12-02,2020-12-07,0
1138,357,5189,10,12,4.28,2020-10-03,2020-12-07,0
1139,2512,5307,18,8,7.30,2020-11-08,2020-11-29,1
1140,422,2468,15,9,3.24,2020-10-31,2020-12-13,0
1141,379,2752,22,10,2.42,2020-10-06,2020-12-14,0
1142,1911,1271,9,2,2.51,2020-11-12,2020-12-06,0
1143,1213,3049,11,14,0.13,2020-11-18,2020-12-01,0
1144,51,3259,5,6,8.32,2020-10-10,2020-12-12,0
1145,2088,723,25,6,9.36,2020-10-08,2020-12-16,1
1146,1483,390,12,14,0.36,2020-11-03,2020-11-30,0
1147,2321,433,16,13,5.35,2020-11-01,2020-12-07,1
1148,2302,4091,22,13,10.14,2020-10-16,2020-12-12,0
1149,2515,142,9,3,21.31,2020-11-28,2021-01-03,0
1150,191,3966,17,14,4.61,2020-11-22,2020-12-27,0
1151,1112,832,3,8,3.17,2020-11-23,2020-12-02,1
1152,623,2278,5,5,3.53,2020-11-04,2020-12-05,0
1153,668,3798,12,15,4.66,2020-10-16,2020-12-31,0
1154,796,831,7,8,11.38,2020-12-06,2020-12-15,0
1155,1411,1120,24,9,4.46,2020-11-09,2020-12-06,1
1156,861,4958,23,1,8.48,2020-11-01,2020-12-17,0
1157,279,4682,14,5,3.72,2020-11-08,2020-12-07,0
1158,2390,3596,3,2,1.85,2020-11-11,2020-12-28,0
1159,2062,2951,16,14,1.88,2020-11-17,2020-12-31,0
1160,1168,4231,23,12,6.39,2020-10-21,2020-12-17,0
1161,2591,5013,21,3,7.43,2020-12-06,2020-12-23,0
1162,2231,4474,23,3,12.16,2020-10-31,2020-12-29,0
1163,231,4397,24,3,9.43,2020-10-03,2020-12-27,0
1164,1531,5458,2,15,9.23,2020-11-01,2020-12-05,0
1165,1983,4610,9,15,4.21,2020-11-24,2020-12-23,0
1166,1524,4156,19,6,4.07,2020-10-18,2020-12-15,0
1167,1776,3315,1,3,4.64,2020-11-25,2020-12-31,0
1168,1700,5033,15,9,1.37,2020-11-20,2020-11-30,0
1169,118,1161,9,15,4.14,2020-11-20,2020-12-10,0
1170,1876,467,1,5,1.32,2020-12-04,2020-12-20,0
1171,699,4674,8,11,18.17,2020-10-23,2021-01-01,0
1172,1374,4148,21,1,5.84,2020-10-17,2020-12-28,0
1173,2497,4693,2,1,2.31,2020-11-15,2020-12-06,0
1174,345,1697,21,2,8.34,2020-10-12,2021-01-01,1
1175,363,1247,8,1,9.04,2020-11-21,2020-12-03,1
1176,116,5155,7,3,7.81,2020-11-28,2020-12-27,0
1177,1214,3860,21,7,1.37,2020-10-02,2020-12-27,1
1178,480,1330,23,10,7.74,2020-11-08,2020-12-06,0
1179,61,3998,3,5,3.63,2020-11-16,2021-01-01,0
1180,1907,4988,13,4,8.16,2020-10-06,2021-01-03,0
1181,314,3186,25,3,2.00,2020-11-07,2020-12-23,0
1182,1423,4934,13,9,2.44,2020-11-25,2020-12-29,1
1183,1640,2804,4,3,6.25,2020-11-22,2020-12-19,0
1184,1869,817,18,9,0.92,2020-11-17,2021-01-04,0
1185,41,3546,17,11,4.07,2020-10-24,2020-11-27,0
1186,2481,811,5,2,14.00,2020-11-07,2020-12-03,0
1187,2489,3236,25,6,0.57,2020-11-30,2020-12-29,0
1188,1327,3735,4,3,9.20,2020-11-17,2020-12-02,0
1189,2049,2232,11,13,5.00,2020-10-03,2020-12-28,0
1190,1554,3227,7,2,0.97,2020-12-04,2020-12-12,0
1191,124,424,1,5,5.19,2020-11-09,2021-01-02,1
1192,2037,5371,25,13,32.38,2020-12-01,2020-12-20,0
1193,1617,3004,23,1,7.27,2020-11-27,2020-12-13,1
1194,1812,2827,12,2,6.97,2020-11-12,2020-12-16,0
1195,348,842,1,1,1.62,2020-11-24,2020-12-21,0
1196,259,460,11,15,0.30,2020-11-01,2020-12-17,0
1197,1135,3549,10,13,1.35,2020-11-13,2020-12-30,1
1198,1474,1386,5,9,5.88,2020-10-31,2020-12-17,1
1199,1810,1960,23,11,10.24,2020-11-17,2020-11-27,0
1200,2570,2631,5,4,6.37,2020-11-28,2020-12-25,0
1201,1463,2490,15,4,5.06,2020-11-09,2020-12-01,0
1202,1453,4263,21,1,6.36,2020-10-12,2020-12-14,0
1203,2159,5787,16,5,4.93,2020-11-16,2020-12-21,0
1204,731,3369,22,6,2.79,2020-10-03,2020-12-14,0
1205,2487,688,16,10,2.49,2020-10-27,2020-12-22,1
1206,849,1424,9,3,6.90,2020-10-26,2020-12-28,0
1207,608,2119,21,2,4.46,2020-12-03,2020-12-21,0
1208,2495,988,5,13,3.23,2020-12-05,2020-12-17,0
1209,2476,2128,15,15,6.08,2020-11-08,2020-12-12,0
1210,1375,116,24,6,1.04,2020-11-25,2020-12-22,0
1211,357,1538,24,15,3.87,2020-10-06,2020-12-16,1
1212,2163,1263,14,4,0.28,2020-11-22,2020-12-30,0
1213,764,2997,9,4,0.67,2020-10-20,2020-12-25,0
1214,106,4455,21,15,1.07,2020-10-11,2020-12-10,0
1215,1167,2905,9,9,2.00,2020-12-07,2020-12-18,1
1216,2259,5643,3,10,6.33,2020-11-13,2021-01-01,0
1217,2266,2974,7,2,7.25,2020-11-28,2020-11-28,1
1218,2004,1718,12,11,3.33,2020-10-25,2020-12-23,0
1219,1216,429,23,6,9.52,2020-10-02,2020-12-22,0
1220,2433,2239,7,9,1.25,2020-10-15,2021-01-03,1
1221,2454,3805,24,3,5.28,2020-10-11,2020-12-21,0
1222,364,5646,6,13,1.78,2020-10-28,2020-12-21,1
1223,1130,3367,11,4,8.38,2020-11-25,2020-12-29,0
1224,1888,501,25,9,7.43,2020-11-04,2020-12-01,0
1225,510,5437,6,5,2.42,2020-11-08,2020-12-28,0
1226,559,2206,20,1,9.65,2020-10-30,2020-12-28,1
1227,1363,5302,10,5,7.67,2020-10-03,2021-01-01,0
1228,2016,2019,20,8,6.33,2020-10-19,2020-12-08,0
1229,1229,896,22,2,3.36,2020-10-18,2020-12-27,0
1230,424,4028,15,3,3.48,2020-10-26,2021-01-01,0
1231,2519,1244,24,14,29.34,2020-11-30,2020-12-03,0
1232,63,3399,6,3,2.00,2020-11-13,2021-01-02,0
1233,473,1001,13,4,3.23,2020-10-14,2020-12-25,0
1234,1132,4454,5,13,4.42,2020-12-02,2020-12-25,0
1235,1646,5099,12,2,1.50,2020-10-06,2020-12-25,0
1236,470,2779,16,1,5.29,2020-11-15,2021-01-03,0
1237,2107,5632,6,8,2.34,2020-12-01,2020-12-19,1
1238,286,468,20,9,0.11,2020-11-20,2021-01-03,1
1239,2317,5658,22,5,2.81,2020-10-15,2020-12-19,0
1240,1683,1098,20,11,7.77,2020-12-01,2020-12-08,1
1241,2030,822,4,12,0.39,2020-10-05,2020-12-12,0
1242,2280,2880,4,5,6.94,2020-10-23,2021-01-01,0
1243,1829,1798,9,1,1.74,2020-11-16,2020-12-01,0
1244,517,5643,17,2,0.19,2020-11-13,2020-12-27,0
1245,970,4140,2,2,5.98,2020-10-16,2020-12-16,0
1246,480,1058,4,10,2.24,2020-11-13,2021-01-02,0
1247,1432,2828,20,7,2.50,2020-11-15,2021-01-02,0
1248,364,4294,9,7,5.69,2020-10-28,2020-12-20,0
1249,1180,2051,1,8,0.84,2020-10-25,2020-12-30,1
1250,116,987,14,9,3.56,2020-10-26,2020-12-24,1
1251,225,2167,17,7,4.96,2020-11-05,2020-12-02,0
1252,1389,166,22,15,4.54,2020-10-23,2020-12-01,0
1253,2401,3129,3,3,9.97,2020-10-07,2021-01-04,0
1254,2242,3541,18,1,3.46,2020-12-04,2020-12-01,0
1255,963,4790,20,12,3.33,2020-11-01,2020-12-08,1
1256,2178,160,24,2,0.55,2020-10-05,2020-12-29,0
1257,358,126,12,9,5.36,2020-12-03,2020-12-16,1
1258,1513,3763,12,4,5.45,2020-10-21,2020-11-27,0
1259,389,5133,3,15,0.46,2020-10-06,2020-12-29,0
1260,1763,880,11,8,9.58,2020-10-15,2020-12-06,0
1261,371,2738,11,6,0.68,2020-10-09,2020-12-08,1
1262,84,1944,10,11,7.60,2020-11-28,2020-11-28,0
1263,1575,3457,4,5,0.87,2020-11-09,2020-12-18,0
1264,1386,4418,23,7,9.35,2020-10-21,2020-11-28,1
1265,1274,1560,9,3,6.64,2020-11-04,2020-12-12,1
1266,539,3010,1,5,1.77,2020-11-19,2021-01-02,0
1267,2350,4890,5,6,5.12,2020-11-10,2020-12-04,1
1268,1353,328,18,1,4.47,2020-11-12,2020-12-25,0
1269,481,4470,6,9,3.91,2020-11-03,2020-12-09,0
1270,1204,2860,5,7,0.82,2020-10-15,2020-12-31,0
1271,891,1706,11,3,4.82,2020-11-04,2020-12-10,0
1272,287,5796,6,8,4.02,2020-12-02,2020-12-02,0
1273,63,3566,16,3,2.88,2020-11-01,2020-12-03,0
1274,652,3558,10,12,1.54,2020-10-06,2020-12-24,1
1275,1786,3519,14,3,0.94,2020-11-23,2021-01-02,0
1276,1715,1234,10,4,7.39,2020-10-02,2020-12-11,0
1277,953,973,19,10,8.56,2020-10-01,2020-12-27,0
1278,61,2189,10,8,5.75,2020-10-23,2020-12-06,0
1279,384,4786,13,3,1.14,2020-12-02,2020-12-18,0
1280,1242,3217,15,2,10.36,2020-12-03,2021-01-04,0
1281,847,5733,22,7,2.67,2020-12-06,2021-01-03,0
1282,392,1994,25,15,0.26,2020-11-07,2020-12-31,0
1283,717,3153,17,9,3.13,2020-10-02,2021-01-01,0
1284,1112,5512,12,15,12.45,2020-12-06,2020-12-10,0
1285,523,2323,17,14,1.57,2020-11-01,2020-12-21,0
1286,248,2681,6,4,2.44,2020-12-02,2020-11-29,0
1287,52,2341,2,12,0.91,2020-11-09,2020-12-12,1
1288,103,2438,11,3,3.97,2020-10-27,2020-12-31,1
1289,1828,2113,10,3,1.68,2020-11-21,2020-12-18,0
1290,1348,3652,23,4,0.96,2020-10-05,2020-12-14,1
1291,62,5585,6,13,5.98,2020-10-20,2020-11-28,0
1292,1539,5225,19,3,4.57,2020-11-14,2021-01-01,0
1293,2109,5420,17,11,1.68,2020-11-04,2020-12-24,0
1294,1640,4835,5,6,0.45,2020-10-22,2020-12-27,1
1295,523,5510,4,4,5.55,2020-11-25,2020-12-20,1
1296,2470,1459,7,10,4.16,2020-11-03,2020-12-10,0
1297,831,2654,15,3,0.01,2020-10-15,2020-11-29,1
1298,298,1830,19,7,5.87,2020-11-03,2020-12-30,0
1299,875,2021,6,3,6.33,2020-12-05,2020-12-15,0
1300,1567,5295,18,10,4.92,2020-12-05,2021-01-03,1
1301,321,4312,9,3,8.74,2020-12-01,2020-12-14,0
1302,552,1528,9,1,10.79,2020-11-10,2020-11-29,0
1303,241,896,24,2,7.00,2020-10-19,2020-12-30,1
1304,848,3564,2,3,8.63,2020-11-05,2020-12-19,1
1305,1157,5571,19,1,0.60,2020-12-05,2020-12-25,0
1306,233,5317,4,1,2.65,2020-10-23,2020-12-18,0
1307,2429,5596,16,1,1.31,2020-11-19,2021-01-04,1
1308,290,2545,23,11,6.90,2020-10-03,2020-12-09,0
1309,2213,4077,15,11,6.29,2020-11-03,2020-12-20,1
1310,945,4765,2,13,2.74,2020-11-25,2020-12-20,0
1311,2550,3259,24,4,3.97,2020-11-08,2020-12-09,1
1312,2553,4516,3,14,5.86,2020-11-21,2020-12-15,0
1313,1853,2277,14,10,1.59,2020-10-26,2020-12-15,0
1314,724,3095,1,1,3.15,2020-11-03,2020-12-07,1
1315,1930,1456,16,12,8.93,2020-10-23,2020-12-18,0
1316,1197,934,9,7,7.18,2020-10-07,2020-12-23,0
1317,2552,4493,23,10,12.74,2020-10-13,2020-12-21,0
1318,404,4647,19,2,12.82,2020-10-20,2020-12-25,0
1319,1177,1433,5,13,1.10,2020-12-03,2020-12-25,0
1320,240,1602,17,4,14.54,2020-11-29,2020-12-25,0
1321,2473,3139,24,2,3.83,2020-10-28,2020-12-08,0
1322,1196,4102,2,7,3.11,2020-11-24,2020-12-10,1
1323,2334,1637,16,9,26.43,2020-10-27,2020-12-14,1
1324,2286,492,5,3,1.23,2020-10-12,2020-12-24,1
1325,1184,5798,19,4,5.60,2020-11-19,2020-12-01,0
1326,110,5358,22,2,6.38,2020-12-07,2020-12-10,0
1327,1828,2332,14,3,1.29,2020-12-06,2020-12-30,1
1328,2419,1181,8,2,7.64,2020-11-04,2020-12-09,0
1329,1981,301,14,15,5.73,2020-11-27,2020-12-18,0
1330,2157,307,1,10,6.24,2020-11-01,2020-12-24,0
1331,681,3695,19,1,2.51,2020-10-04,2020-12-31,0
1332,1453,22,4,2,7.91,2020-11-28,2020-12-10,0
1333,1525,349,20,1,3.18,2020-11-01,2020-12-10,0
1334,536,4422,5,4,2.76,2020-12-04,2020-12-06,0
1335,1255,3686,21,1,1.98,2020-10-06,2020-12-19,0
1336,2171,1981,4,12,7.99,2020-10-13,2021-01-01,0
1337,19,915,15,9,0.63,2020-12-06,2020-12-31,0
1338,237,3477,20,14,2.02,2020-11-06,2020-12-20,0
1339,971,1821,7,13,10.21,2020-10-26,2020-12-09,0
1340,1989,2536,15,15,14.78,2020-11-18,2020-12-08,1
1341,1748,1666,2,10,6.63,2020-10-18,2020-12-07,0
1342,2562,5492,10,13,6.72,2020-11-05,2020-12-29,1
1343,1489,5065,2,15,2.29,2020-10-29,2020-12-22,0
1344,2409,5623,4,12,6.69,2020-11-30,2020-11-29,0
1345,243,3652,25,4,2.53,2020-10-12,2020-12-06,0
1346,1879,244,21,14,34.11,2020-10-05,2020-12-22,0
1347,1329,4664,1,6,3.18,2020-11-02,2020-12-06,1
1348,702,3694,3,11,27.93,2020-11-05,2020-12-16,0
1349,1757,3415,2,1,1.96,2020-10-26,2020-12-16,0
1350,1060,5215,14,10,7.73,2020-12-07,2020-11-30,0
1351,2298,749,13,13,5.13,2020-11-13,2020-12-03,1
1352,978,2077,20,3,11.18,2020-11-29,2020-12-15,0
1353,501,599,12,6,3.88,2020-10-04,2020-12-10,1
1354,1820,2670,13,2,5.77,2020-12-04,2020-12-17,0
1355,1821,1065,21,14,4.71,2020-10-17,2020-12-19,0
1356,421,285,22,15,6.70,2020-11-30,2020-12-05,0
1357,1653,1089,6,2,9.47,2020-10-09,2020-11-29,0
1358,2013,1785,25,2,11.05,2020-10-11,2021-01-03,1
1359,2445,4903,1,13,0.40,2020-12-07,2020-12-01,0
1360,2252,2315,24,15,6.20,2020-11-13,2020-12-12,0
1361,326,1843,4,12,10.61,2020-11-26,2020-12-06,0
1362,2164,93,19,4,4.30,2020-10-02,2020-12-07,1
1363,479,5570,7,1,7.74,2020-10-26,2020-12-25,1
1364,359,672,5,2,7.28,2020-11-14,2020-12-01,0
1365,1522,4489,8,8,1.23,2020-10-10,2020-12-05,0
1366,848,5514,2,2,6.23,2020-12-04,2020-12-23,0
1367,2376,1751,11,4,0.06,2020-12-01,2020-12-08,0
1368,1454,886,9,6,3.54,2020-10-08,2020-12-22,0
1369,740,1448,11,7,13.12,2020-10-17,2020-12-30,1
1370,2381,3503,14,2,1.62,2020-11-25,2020-12-19,0
1371,105,2364,5,2,5.02,2020-11-24,2020-12-27,0
1372,1456,2632,4,6,4.74,2020-11-17,2020-12-21,0
1373,310,1822,19,8,3.98,2020-10-24,2020-12-25,0
1374,1973,4792,7,7,2.16,2020-11-04,2020-12-09,0
1375,330,130,10,4,1.86,2020-11-18,2020-12-01,0
1376,1895,1959,23,9,14.15,2020-10-19,2020-11-30,0
1377,1258,5656,5,1,0.74,2020-10-20,2020-12-19,0
1378,1276,4400,25,4,6.33,2020-11-03,2020-12-14,0
1379,1163,173,3,11,5.77,2020-10-11,2020-12-16,0
1380,1254,4276,23,12,1.36,2020-11-16,2020-12-19,0
1381,778,4696,13,9,14.77,2020-10-25,2020-12-15,0
1382,27,889,22,2,8.31,2020-11-21,2020-11-29,0
1383,1590,755,3,5,0.56,2020-11-09,2021-01-04,0
1384,1549,1566,5,9,3.80,2020-10-06,2020-12-18,0
1385,1681,5137,17,1,1.93,2020-11-09,2020-12-01,0
1386,673,4038,25,2,1.35,2020-10-26,2021-01-01,1
1387,2068,1827,20,2,0.51,2020-11-08,2020-12-31,0
1388,630,767,9,1,0.46,2020-12-07,2020-12-31,0
1389,56,4831,5,9,4.91,2020-10-10,2020-12-22,0
1390,986,2423,19,3,2.60,2020-12-05,2020-12-16,0
1391,1732,4964,20,3,2.71,2020-10-07,2020-12-27,0
1392,633,2974,15,9,6.78,2020-11-15,2020-12-07,0
1393,1806,5149,10,12,9.27,2020-10-26,2020-12-21,1
1394,718,777,19,2,3.08,2020-10-03,2020-12-27,1
1395,144,5768,8,15,1.21,2020-10-18,2021-01-02,0
1396,2003,3472,4,2,5.53,2020-11-19,2020-12-05,1
1397,475,2495,4,3,12.18,2020-10-18,2020-12-01,1
1398,444,3630,23,13,8.48,2020-12-01,2021-01-02,1
1399,2080,5660,1,3,6.72,2020-12-02,2020-12-29,0
1400,592,2215,21,9,2.52,2020-11-08,2020-12-13,1
1401,1628,1979,7,1,2.02,2020-10-24,2020-11-27,0
1402,2439,4867,18,10,10.38,2020-11-12,2020-12-21,0
1403,1724,834,11,1,1.43,2020-12-03,2020-12-05,0
1404,1911,5760,18,13,3.71,2020-10-09,2020-12-20,1
1405,1359,4421,8,3,9.24,2020-10-04,2020-12-22,0
1406,731,4647,23,4,0.40,2020-11-03,2020-12-03,0
1407,2143,5531,4,2,0.47,2020-11-01,2020-12-02,0
1408,1249,4659,20,2,9.21,2020-10-29,2020-12-13,0
1409,1418,2688,4,9,5.30,2020-11-02,2020-12-27,1
1410,1763,1307,13,9,9.37,2020-12-07,2020-12-08,0
1411,993,4201,4,9,4.27,2020-11-08,2021-01-01,0
1412,1134,1639,19,5,8.62,2020-10-19,2020-11-29,0
1413,1495,1764,9,15,13.22,2020-11-26,2020-12-24,0
1414,1113,3250,4,1,0.23,2020-10-07,2020-12-25,1
1415,2472,5484,1,2,7.45,2020-10-06,2020-12-30,0
1416,192,1145,20,9,1.90,2020-11-13,2020-12-25,0
1417,963,2744,11,1,3.70,2020-11-01,2020-12-11,0
1418,1760,2282,9,3,1.70,2020-10-27,2020-12-13,0
1419,923,838,10,9,4.24,2020-11-08,2020-12-08,0
1420,2476,2363,11,4,0.61,2020-11-07,2020-12-04,0
1421,1957,4266,1,4,5.63,2020-11-01,2020-11-29,1
1422,2190,1832,9,4,8.66,2020-12-05,2020-12-05,0
1423,1390,570,10,9,28.95,2020-10-11,2020-12-28,0
1424,807,4336,18,4,0.12,2020-10-23,2020-12-04,0
1425,2588,1806,4,4,1.78,2020-10-21,2020-12-11,1
1426,46,2290,10,4,1.97,2020-11-17,2020-12-30,0
1427,2055,2076,16,3,14.50,2020-11-14,2020-12-22,0
1428,1592,133,4,4,2.37,2020-11-26,2020-12-06,0
1429,1661,5125,1,11,3.85,2020-10-13,2020-12-08,0
1430,1297,4472,18,8,1.63,2020-10-03,2020-12-08,0
1431,860,4266,17,7,3.33,2020-11-20,2020-12-15,0
1432,1391,1605,15,2,1.29,2020-12-06,2020-12-12,0
1433,2353,106,24,7,5.03,2020-10-06,2020-12-18,0
1434,1448,4269,9,10,5.40,2020-10-11,2020-11-30,0
1435,1356,2955,23,15,4.96,2020-10-08,2020-12-25,0
1436,681,3194,22,1,8.01,2020-10-05,2020-11-27,1
1437,2228,3754,14,1,11.62,2020-10-15,2020-12-07,0
1438,1901,4937,19,6,0.48,2020-11-27,2020-12-14,0
1439,349,1039,16,12,6.94,2020-11-18,2020-12-08,0
1440,1223,3631,16,7,3.73,2020-11-02,2021-01-04,0
1441,214,3361,19,6,7.33,2020-11-23,2020-11-27,1
1442,1915,691,13,11,6.78,2020-10-25,2020-12-14,0
1443,2583,5040,15,4,2.88,2020-10-13,2020-12-08,0
1444,1177,2017,6,1,4.17,2020-10-04,2020-11-30,0
1445,1183,445,5,11,2.63,2020-10-14,2020-12-04,0
1446,701,1661,17,14,2.58,2020-11-25,2020-12-09,1
1447,2163,2143,21,8,5.84,2020-10-09,2020-12-24,0
1448,1573,1975,6,1,0.91,2020-11-22,2020-12-20,0
1449,554,5543,12,1,5.42,2020-12-03,2020-12-03,0
1450,2001,4729,3,9,5.63,2020-11-09,2020-12-26,0
1451,1736,894,4,1,8.81,2020-11-14,2020-12-26,0
1452,1992,2502,19,3,2.63,2020-11-19,2020-12-09,0
1453,507,1893,17,1,9.27,2020-10-17,2020-12-09,0
1454,1351,1249,11,10,4.64,2020-10-16,2020-11-30,0
1455,1417,5670,8,11,9.64,2020-10-11,2020-12-13,0
1456,1210,2164,2,3,4.88,2020-12-05,2020-12-25,0
1457,1323,4174,1,10,7.37,2020-10-01,2020-12-21,0
1458,1384,3255,5,3,5.26,2020-11-12,2020-12-26,1
1459,2487,5714,13,14,9.92,2020-11-08,2020-12-05,0
1460,1448,1890,23,1,5.87,2020-11-02,2020-12-09,0
1461,1977,830,2,9,4.75,2020-10-31,2020-12-18,1
1462,1982,4975,20,7,4.65,2020-11-16,2020-12-04,1
1463,2335,894,20,5,1.77,2020-10-18,2020-12-05,0
1464,1366,5316,16,2,3.99,2020-10-22,2020-11-29,0
1465,2533,2546,20,10,7.21,2020-11-15,2020-12-11,1
1466,2092,5442,9,1,32.96,2020-11-04,2020-12-17,0
1467,207,2218,3,3,6.61,2020-11-09,2020-12-01,1
1468,1394,678,25,2,3.05,2020-11-25,2020-12-14,0
1469,37,324,19,3,3.13,2020-11-13,2020-12-18,0
1470,392,4959,5,2,2.32,2020-10-22,2020-12-13,1
1471,216,5409,24,4,3.84,2020-11-03,2020-12-10,1
1472,356,3244,12,7,13.64,2020-10-06,2020-12-18,0
1473,655,2298,24,2,5.86,2020-10-12,2020-11-30,1
1474,1785,3241,8,15,15.52,2020-10-26,2020-11-28,0
1475,106,2918,8,12,1.95,2020-11-08,2020-12-11,0
1476,1445,2814,22,4,5.13,2020-11-30,2020-12-17,0
1477,110,4147,10,4,2.77,2020-11-26,2020-12-06,1
1478,1357,4743,10,14,0.51,2020-11-22,2020-11-27,0
1479,2263,2659,9,6,1.18,2020-11-06,2021-01-01,0
1480,2459,1899,4,1,0.15,2020-11-10,2020-12-09,0
1481,215,3851,1,6,34.50,2020-11-24,2020-12-15,0
1482,2582,996,20,5,2.23,2020-10-09,2021-01-04,0
1483,1126,3270,3,7,12.09,2020-11-08,2020-12-04,0
1484,398,3587,25,5,2.63,2020-12-06,2020-12-23,0
1485,2337,4112,3,3,0.14,2020-11-17,2020-12-22,0
1486,2178,4186,17,6,7.34,2020-11-23,2020-12-10,0
1487,2281,2470,14,15,1.38,2020-11-03,2020-12-16,1
1488,1433,4533,5,15,6.06,2020-10-07,2020-12-18,1
1489,2212,3998,20,2,3.36,2020-10-29,2020-12-12,0
1490,113,3204,11,6,5.44,2020-10-06,2020-12-16,0
1491,2083,1533,20,6,30.40,2020-10-03,2020-12-19,1
1492,1631,2743,11,13,8.15,2020-12-01,2020-12-13,0
1493,2045,563,4,11,0.27,2020-10-08,2020-12-06,1
1494,312,4859,4,11,4.71,2020-10-02,2020-12-07,0
1495,1773,1900,18,10,3.54,2020-10-26,2021-01-01,0
1496,2469,1858,1,13,0.98,2020-12-07,2020-11-30,0
1497,2544,841,11,10,4.34,2020-10-28,2020-12-15,0
1498,130,3646,21,2,2.85,2020-11-30,2020-12-17,1
1499,1854,2865,20,7,2.54,2020-10-31,2020-12-30,0
1500,1836,5061,1,4,1.65,2020-10-19,2020-12-14,0
1501,1259,2874,13,2,6.93,2020-11-30,2020-11-28,0
1502,2357,2049,5,5,7.19,2020-12-01,2020-12-28,0
1503,2156,5409,20,14,2.57,2020-11-23,2020-12-18,1
1504,526,2294,7,8,9.86,2020-10-04,2020-12-10,0
1505,54,4167,10,5,2.69,2020-11-18,2020-12-15,0
1506,447,193,19,11,2.18,2020-11-10,2020-12-28,0
1507,1180,423,19,1,4.20,2020-10-10,2020-12-14,1
1508,2450,602,9,2,5.22,2020-11-22,2020-12-11,1
1509,181,2664,24,12,13.70,2020-11-06,2020-12-19,0
1510,283,3043,3,1,9.93,2020-12-04,2020-12-20,1
1511,1837,5765,17,4,0.12,2020-11-29,2021-01-01,1
1512,22,4016,23,10,6.38,2020-10-28,2020-12-11,0
1513,765,4296,20,14,2.59,2020-11-16,2020-12-31,0
1514,1207,4934,8,4,5.26,2020-10-04,2020-12-13,0
1515,1193,3652,8,11,5.90,2020-11-02,2020-12-12,0
1516,353,4125,15,10,0.05,2020-11-09,2020-12-02,1
1517,55,1984,2,4,0.11,2020-12-05,2020-12-18,0
1518,353,3592,10,12,5.18,2020-10-06,2021-01-01,0
1519,1833,3923,23,11,13.34,2020-10-04,2020-12-10,0
1520,278,4981,15,8,3.51,2020-10-05,2020-12-19,1
1521,2233,4552,6,10,7.76,2020-10-28,2021-01-02,0
1522,2509,4843,11,11,1.43,2020-10-27,2020-12-03,0
1523,1678,5223,11,12,10.39,2020-10-01,2020-12-09,0
1524,363,371,20,10,12.18,2020-12-07,2021-01-03,1
1525,1688,4357,6,1,5.23,2020-10-17,2021-01-04,0
1526,1621,3755,22,10,0.04,2020-11-18,2020-12-18,0
1527,1598,5650,19,5,5.87,2020-10-12,2020-12-26,0
1528,1346,4559,14,3,9.06,2020-10-10,2020-12-27,0
1529,627,5758,6,11,12.19,2020-10-01,2020-12-19,0
1530,307,429,13,9,8.25,2020-10-23,2020-12-09,0
1531,76,5148,22,1,0.44,2020-11-08,2020-12-30,0
1532,1623,4438,15,2,3.00,2020-10-27,2020-12-15,0
1533,2512,4522,12,1,1.12,2020-11-07,2020-12-08,0
1534,449,486,18,5,5.28,2020-11-06,2020-12-25,0
1535,1228,1592,24,9,2.55,2020-11-15,2020-12-29,1
1536,1139,4526,3,3,4.41,2020-11-01,2020-12-26,0
1537,1745,148,14,2,9.40,2020-10-26,2021-01-02,1
1538,1598,4944,4,10,2.41,2020-11-20,2020-12-27,1
1539,1975,989,9,2,2.30,2020-11-08,2020-12-22,0
1540,1917,1971,3,13,9.46,2020-10-04,2021-01-01,1
1541,419,3413,22,2,2.45,2020-10-31,2020-12-31,0
1542,552,3406,19,11,10.72,2020-12-04,2020-11-29,0
1543,1741,3378,14,6,5.15,2020-11-03,2021-01-03,1
1544,2110,1993,10,9,2.05,2020-11-15,2020-12-18,1
1545,916,1909,5,2,24.00,2020-11-28,2021-01-02,0
1546,277,3881,5,9,2.64,2020-11-14,2020-12-02,0
1547,44,2925,24,12,6.45,2020-10-12,2020-11-27,0
1548,968,2070,21,1,2.09,2020-10-07,2020-12-15,1
1549,527,2462,21,9,10.43,2020-11-24,2020-12-26,1
1550,2137,478,19,8,11.07,2020-10-13,2020-12-15,0
1551,1963,4807,13,3,12.58,2020-10-04,2020-12-29,0
1552,2410,4111,10,13,1.56,2020-10-13,2021-01-02,0
1553,348,1101,18,1,4.98,2020-12-01,2020-12-16,0
1554,2431,2457,21,4,8.37,2020-11-01,2021-01-04,1
1555,472,3796,18,1,4.31,2020-11-16,2020-12-24,0
1556,2483,4627,2,13,8.50,2020-10-28,2020-12-11,1
1557,2295,4319,22,2,0.07,2020-11-04,2020-12-30,0
1558,2405,1321,18,5,9.25,2020-11-06,2020-12-06,0
1559,2106,2276,16,7,0.80,2020-10-06,2020-12-24,0
1560,2216,3178,18,13,13.06,2020-10-18,2020-12-06,0
1561,2039,2130,17,3,2.54,2020-11-30,2020-12-30,0
1562,2125,5513,16,14,14.23,2020-12-07,2020-12-05,1
1563,1469,2522,20,2,3.50,2020-10-24,2020-12-26,0
1564,1288,3074,16,1,0.03,2020-11-10,2020-12-16,1
1565,379,807,22,9,4.93,2020-12-07,2020-12-25,0
1566,2486,3074,15,4,1.89,2020-10-21,2021-01-04,1
1567,1605,5170,4,12,3.91,2020-11-25,2020-12-26,0
1568,1755,3890,3,3,1.37,2020-10-10,2020-12-15,0
1569,1331,4310,3,5,0.09,2020-12-01,2020-12-21,1
1570,797,316,18,12,6.97,2020-11-14,2020-12-23,0
1571,2106,3555,4,3,0.43,2020-12-07,2020-12-16,0
1572,1352,4449,11,1,2.36,2020-12-06,2020-12-11,0
1573,751,5748,17,9,4.73,2020-10-28,2020-12-25,1
1574,1522,273,8,11,5.88,2020-11-20,2020-12-30,1
1575,2533,2417,24,7,26.04,2020-11-29,2020-12-01,1
1576,2431,1140,21,9,1.46,2020-11-17,2020-12-13,0
1577,1179,4294,15,8,1.16,2020-11-21,2020-12-24,0
1578,1299,5689,5,11,0.48,2020-10-07,2020-12-23,1
1579,1538,4203,2,12,3.68,2020-12-06,2020-12-23,0
1580,2157,5546,5,3,7.38,2020-10-26,2020-12-06,0
1581,1392,5128,23,9,0.17,2020-10-10,2020-12-01,0
1582,2109,3702,4,3,0.66,2020-12-01,2020-12-08,0
1583,221,4380,1,6,4.62,2020-10-11,2020-12-19,0
1584,269,1686,10,14,10.26,2020-11-01,2020-12-30,0
1585,988,4076,15,1,4.42,2020-12-04,2020-12-27,0
1586,598,5195,3,3,1.15,2020-10-13,2020-12-23,0
1587,141,3764,20,2,1.69,2020-11-11,2020-12-15,0
1588,1389,2594,5,2,0.68,2020-10-12,2020-12-09,0
1589,1917,4117,5,1,9.90,2020-11-16,2021-01-03,1
1590,191,1935,10,3,5.03,2020-10-18,2020-12-11,0
1591,1969,1099,22,15,4.60,2020-11-14,2020-12-17,0
1592,1184,2305,2,9,9.24,2020-11-11,2020-12-27,0
1593,498,2046,9,14,9.30,2020-11-01,2020-12-01,1
1594,256,5086,15,9,0.63,2020-11-22,2020-12-17,1
1595,74,5192,2,3,2.25,2020-12-06,2020-12-23,1
1596,532,1710,4,2,5.78,2020-10-08,2020-12-23,0
1597,1977,4574,12,8,6.72,2020-11-07,2020-12-16,0
1598,1765,3283,3,4,6.21,2020-12-06,2021-01-03,0
1599,1434,313,3,4,0.94,2020-10-19,2020-12-25,0
1600,57,190,12,8,14.95,2020-10-30,2020-12-13,0
1601,2566,2743,10,9,4.20,2020-10-09,2020-12-25,0
1602,605,2059,3,10,1.47,2020-11-05,2020-12-16,0
1603,67,1605,16,12,4.28,2020-10-24,2020-12-31,0
1604,276,4403,18,6,2.84,2020-10-04,2021-01-02,0
1605,2067,4670,20,12,4.29,2020-10-22,2020-12-07,0
1606,659,4164,21,9,8.78,2020-10-09,2020-12-28,0
1607,1330,3431,7,7,9.42,2020-10-08,2020-12-30,0
1608,174,1105,21,2,7.37,2020-10-06,2020-11-28,0
1609,2428,294,25,4,14.11,2020-10-22,2020-12-23,0
1610,2530,2064,24,15,8.04,2020-12-07,2020-12-22,1
1611,2294,1538,1,14,1.77,2020-11-29,2020-12-08,0
1612,1703,145,13,2,2.25,2020-10-18,2020-12-13,0
1613,2047,1632,16,14,3.70,2020-11-04,2020-12-10,0
1614,2437,4091,17,9,1.44,2020-12-07,2020-12-01,0
1615,1675,2797,7,5,7.95,2020-11-30,2020-12-06,0
1616,2303,1947,7,8,0.65,2020-10-20,2020-12-07,0
1617,1439,4088,5,5,8.80,2020-11-17,2020-12-02,0
1618,1229,5565,4,7,11.10,2020-11-09,2020-12-04,0
1619,562,360,14,14,9.27,2020-10-26,2021-01-04,0
1620,2062,1796,12,15,24.53,2020-10-23,2020-12-04,0
1621,976,3409,6,15,3.56,2020-10-16,2020-12-26,0
1622,1483,337,11,9,4.00,2020-10-30,2020-12-26,1
1623,1931,5309,10,12,12.08,2020-11-19,2020-12-27,0
1624,873,5290,10,8,1.14,2020-11-22,2020-12-17,0
1625,894,579,7,4,0.42,2020-11-30,2020-11-30,0
1626,777,4472,1,1,0.89,2020-10-09,2020-12-12,0
1627,495,4543,5,12,9.43,2020-12-01,2020-12-16,0
1628,192,1491,21,9,5.19,2020-10-20,2020-12-19,0
1629,1171,4154,6,6,0.09,2020-10-04,2021-01-04,0
1630,1432,1498,22,15,4.65,2020-11-27,2020-12-15,0
1631,162,1357,16,1,0.13,2020-10-30,2020-11-29,0
1632,1503,1315,15,9,23.60,2020-11-17,2021-01-02,0
1633,2585,1393,21,6,6.96,2020-10-10,2020-12-01,1
1634,646,3112,17,15,1.34,2020-11-24,2021-01-02,1
1635,406,3049,17,3,2.51,2020-12-02,2020-12-09,1
1636,2484,3012,22,8,1.17,2020-11-02,2020-12-15,0
1637,1164,3528,10,13,5.91,2020-11-13,2021-01-01,0
1638,1655,1421,3,11,3.96,2020-10-04,2020-12-08,0
1639,1655,2971,2,12,0.68,2020-10-22,2020-12-06,0
1640,1327,4730,23,15,4.27,2020-11-08,2020-12-25,0
1641,1144,2630,7,6,0.92,2020-12-04,2020-11-30,0
1642,2261,5239,5,15,6.21,2020-10-12,2020-12-09,0
1643,1376,1022,13,7,1.14,2020-11-02,2020-12-01,0
1644,1904,5394,7,14,0.67,2020-10-26,2020-12-02,1
1645,1993,5660,23,13,5.17,2020-11-16,2020-12-13,0
1646,401,4796,16,11,0.41,2020-11-16,2020-12-03,1
1647,893,5078,12,2,2.46,2020-12-04,2020-12-08,0
1648,1489,4296,9,3,2.30,2020-11-03,2020-12-05,0
1649,1303,4499,20,4,34.88,2020-11-08,2020-12-06,0
1650,1642,1701,24,13,3.26,2020-11-26,2020-12-11,0
1651,451,617,3,1,6.24,2020-10-21,2020-12-01,1
1652,7,2534,16,13,1.40,2020-10-26,2020-12-23,0
1653,317,2701,11,13,5.93,2020-12-03,2021-01-01,0
1654,451,3532,4,2,5.51,2020-10-07,2020-12-12,0
1655,789,600,8,8,6.86,2020-11-19,2020-11-27,0
1656,503,5034,19,14,0.78,2020-12-07,2020-12-28,0
1657,614,261,11,2,5.27,2020-10-11,2020-12-26,1
1658,1316,3300,19,3,4.31,2020-10-29,2020-11-30,0
1659,2042,4023,3,12,4.24,2020-11-05,2020-12-12,0
1660,243,826,25,4,5.43,2020-10-20,2020-11-29,0
1661,1134,1821,3,10,10.04,2020-10-04,2020-12-23,0
1662,35,3069,14,2,6.31,2020-10-15,2020-12-18,1
1663,1642,1638,11,10,6.71,2020-10-13,2020-12-08,0
1664,285,2983,22,1,1.76,2020-11-03,2020-12-23,0
1665,1372,5468,4,15,4.36,2020-10-09,2020-12-14,0
1666,1793,1252,9,1,3.71,2020-11-12,2020-12-30,1
1667,1867,60,15,7,0.73,2020-11-24,2021-01-01,0
1668,608,2054,7,1,3.93,2020-10-29,2020-12-05,0
1669,79,5485,22,8,4.16,2020-11-07,2020-12-09,0
1670,2552,314,18,7,7.49,2020-10-03,2020-11-28,0
1671,1300,4057,9,11,13.74,2020-11-21,2020-11-27,0
1672,2424,4429,11,1,3.82,2020-12-03,2020-12-31,0
1673,1361,1565,9,2,6.33,2020-10-18,2020-12-01,0
1674,2108,4906,3,1,0.42,2020-10-17,2020-11-30,0
1675,329,4744,8,12,4.85,2020-12-03,2020-12-07,0
1676,2253,5380,10,14,3.88,2020-12-03,2020-11-30,0
1677,1952,256,18,10,0.17,2020-10-08,2020-12-14,0
1678,1690,3576,24,14,5.46,2020-10-03,2020-12-23,0
1679,1251,56,24,6,6.39,2020-11-17,2020-12-10,0
1680,1129,2505,7,7,2.40,2020-10-13,2020-12-25,0
1681,14,4072,12,2,2.82,2020-11-14,2020-12-23,0
1682,2302,348,9,14,1.03,2020-10-26,2020-12-13,0
1683,169,5318,15,15,0.94,2020-11-08,2020-12-10,0
1684,1599,3991,23,4,3.93,2020-11-10,2020-12-10,1
1685,2223,1648,3,11,4.77,2020-11-07,2020-12-07,0
1686,523,2126,6,13,4.77,2020-10-08,2020-12-28,1
1687,879,2695,21,1,5.49,2020-11-11,2020-11-27,0
1688,30,1742,6,6,0.24,2020-11-15,2020-12-18,0
1689,1000,1579,9,14,6.61,2020-10-12,2020-12-11,1
1690,427,336,19,2,8.99,2020-10-31,2020-12-30,0
1691,151,3818,18,2,9.52,2020-11-22,2020-12-06,0
1692,153,5102,24,6,3.26,2020-10-05,2020-12-21,1
1693,1235,92,6,6,7.92,2020-11-28,2020-12-13,0
1694,946,642,12,6,0.04,2020-11-07,2020-12-13,0
1695,1258,3485,22,8,0.49,2020-12-02,2021-01-04,1
1696,2537,4706,19,10,32.20,2020-10-19,2020-12-15,0
1697,262,3871,4,2,4.06,2020-11-27,2020-11-29,0
1698,681,1981,5,4,0.49,2020-10-15,2020-12-13,0
1699,2033,4706,3,4,8.35,2020-11-19,2020-12-07,1
1700,2513,4087,15,8,8.09,2020-11-25,2020-12-30,0
1701,2022,3160,4,12,1.99,2020-11-29,2020-12-23,0
1702,1060,1878,7,6,0.45,2020-11-20,2020-11-30,0
1703,2505,252,15,7,2.95,2020-10-13,2020-12-01,1
1704,1446,4296,15,2,1.11,2020-11-10,2020-12-09,1
1705,683,2268,16,14,4.98,2020-11-01,2020-12-19,0
1706,659,4551,16,3,3.95,2020-10-26,2020-12-30,1
1707,1276,1644,11,6,4.64,2020-10-10,2020-12-11,0
1708,447,5035,17,14,11.10,2020-11-26,2020-11-28,0
1709,539,2520,4,1,1.51,2020-11-17,2021-01-03,0
1710,1949,1226,1,14,4.61,2020-11-29,2020-12-26,0
1711,50,5224,16,11,4.26,2020-11-15,2020-11-28,0
1712,703,3822,5,14,4.71,2020-10-11,2020-12-31,0
1713,609,3824,23,10,1.23,2020-12-07,2020-12-08,1
1714,54,594,16,1,1.11,2020-11-04,2021-01-01,0
1715,1060,5582,24,8,1.59,2020-10-29,2020-12-05,0
1716,959,403,3,15,0.12,2020-11-09,2020-12-29,0
1717,414,5095,23,14,4.48,2020-11-09,2020-12-20,0
1718,2337,5778,15,13,4.32,2020-11-06,2020-12-28,0
1719,557,814,19,2,2.04,2020-10-12,2020-12-15,0
1720,902,1812,2,7,5.13,2020-10-25,2020-12-20,1
1721,820,1014,11,5,2.24,2020-10-09,2020-12-08,0
1722,737,3253,20,3,4.36,2020-11-07,2020-12-17,0
1723,1870,2988,22,10,14.37,2020-10-11,2020-11-28,0
1724,2156,4397,5,1,1.43,2020-11-16,2020-12-06,0
1725,2572,3330,5,7,5.62,2020-12-05,2020-12-30,0
1726,1683,294,8,13,2.09,2020-12-01,2020-12-24,0
1727,2466,4356,23,14,12.34,2020-11-03,2020-12-17,1
1728,493,403,2,10,1.45,2020-10-31,2020-12-02,1
1729,278,2170,8,6,0.16,2020-10-31,2020-12-06,1
1730,2569,3296,5,9,6.07,2020-10-12,2020-12-28,0
1731,640,487,23,2,2.16,2020-12-01,2020-12-07,1
1732,1333,4371,4,10,7.09,2020-11-11,2021-01-03,0
1733,209,5697,14,11,6.74,2020-11-17,2020-12-13,1
1734,2507,845,23,14,2.64,2020-10-09,2020-12-15,0
1735,246,3567,16,9,6.92,2020-11-17,2020-12-01,1
1736,2570,2985,9,1,6.92,2020-12-05,2020-12-31,1
1737,698,759,6,3,5.20,2020-11-30,2020-12-01,0
1738,506,175,24,13,2.04,2020-10-14,2020-12-06,1
1739,1790,444,9,2,0.40,2020-12-02,2020-12-03,0
1740,1459,199,17,3,29.24,2020-10-14,2021-01-03,0
1741,429,3234,15,15,7.44,2020-12-05,2020-12-31,0
1742,529,780,2,9,9.37,2020-10-01,2020-12-30,0
1743,2467,2063,14,3,4.16,2020-12-04,2020-12-16,0
1744,2461,4475,14,14,6.41,2020-12-02,2020-12-15,1
1745,1893,119,19,1,6.52,2020-10-02,2020-12-29,0
1746,1822,5151,25,6,5.38,2020-11-06,2020-12-21,0
1747,1362,650,24,2,6.98,2020-11-22,2020-12-11,0
1748,1253,2487,17,1,2.15,2020-11-12,2020-12-17,1
1749,1402,179,25,7,6.77,2020-12-06,2020-12-24,0
1750,535,2488,18,11,7.70,2020-11-11,2020-12-03,1
1751,2045,4633,22,14,0.51,2020-11-01,2020-12-01,1
1752,1330,4022,15,6,2.02,2020-10-15,2020-12-28,0
1753,797,2961,10,11,12.79,2020-11-13,2020-12-15,0
1754,457,3516,3,12,14.73,2020-10-30,2020-12-27,0
1755,1458,3541,4,3,4.62,2020-11-23,2020-11-28,1
1756,2032,2943,8,14,6.73,2020-10-10,2020-12-24,0
1757,2490,3028,23,3,9.56,2020-11-02,2020-12-11,1
1758,1495,5280,8,14,5.19,2020-10-29,2020-12-05,0
1759,2555,3549,2,15,9.84,2020-10-22,2020-12-01,1
1760,723,2595,18,4,0.43,2020-11-27,2020-12-09,0
1761,529,212,18,3,7.19,2020-10-09,2020-12-30,1
1762,920,1538,17,11,6.27,2020-11-10,2020-11-27,0
1763,1222,1441,25,3,1.05,2020-11-19,2020-12-29,0
1764,1824,3878,10,9,7.47,2020-11-19,2020-12-27,1
1765,389,2597,20,3,2.78,2020-12-06,2020-12-25,0
1766,1957,4324,13,8,1.22,2020-10-04,2020-12-12,0
1767,581,4013,11,1,0.41,2020-10-06,2020-12-27,0
1768,566,3215,5,3,4.52,2020-11-12,2021-01-04,0
1769,254,3042,14,2,1.64,2020-11-18,2020-12-22,0
1770,2158,4771,19,2,4.25,2020-12-02,2020-12-21,0
1771,800,447,16,12,6.23,2020-10-21,2020-12-04,0
1772,2417,4904,13,14,8.85,2020-11-04,2020-12-18,0
1773,1798,1952,5,11,8.53,2020-10-29,2020-12-14,1
1774,2390,1545,1,14,5.52,2020-11-14,2020-12-21,1
1775,1715,2993,2,11,5.80,2020-12-06,2020-12-11,0
1776,2376,3898,13,3,1.39,2020-11-20,2020-12-06,1
1777,1205,1661,5,1,12.37,2020-11-07,2020-11-29,0
1778,1365,3354,8,2,1.36,2020-11-07,2020-11-30,0
1779,142,1995,14,14,3.44,2020-11-01,2021-01-04,0
1780,1475,2327,7,5,1.30,2020-11-11,2020-12-29,0
1781,1495,1526,4,3,5.36,2020-11-14,2020-12-23,0
1782,988,2359,9,1,0.57,2020-10-27,2020-12-26,0
1783,1222,3856,18,4,0.05,2020-12-07,2020-11-27,1
1784,1522,310,19,1,0.62,2020-11-22,2020-12-10,0
1785,1734,2906,19,12,19.55,2020-11-09,2020-12-23,0
1786,1240,5576,13,13,6.87,2020-10-18,2020-12-04,0
1787,1466,1246,4,6,8.87,2020-10-11,2020-12-26,0
1788,1284,4159,14,15,2.82,2020-12-04,2020-12-02,0
1789,2103,915,24,13,4.45,2020-10-01,2020-12-25,0
1790,855,2599,20,1,9.76,2020-10-24,2020-12-29,0
1791,1380,1727,19,1,9.98,2020-11-09,2020-12-25,1
1792,1688,5194,14,8,5.91,2020-10-28,2020-12-09,0
1793,1159,5623,25,1,33.67,2020-10-15,2020-12-02,0
1794,281,742,7,8,0.62,2020-11-11,2020-12-24,0
1795,742,1774,24,14,3.48,2020-10-24,2020-11-27,0
1796,2,4956,11,6,0.40,2020-11-02,2020-12-30,1
1797,2111,666,5,14,12.31,2020-11-28,2020-12-28,0
1798,2224,3650,12,1,9.41,2020-12-05,2020-12-20,0
1799,2016,3732,25,2,14.12,2020-11-04,2020-12-13,0
1800,2144,1717,15,9,12.11,2020-10-07,2021-01-03,1
1801,7,782,10,2,7.39,2020-10-03,2020-12-16,0
1802,174,2476,21,5,1.13,2020-11-23,2020-12-09,0
1803,1777,4624,5,10,3.88,2020-10-14,2020-12-09,1
1804,216,4593,23,4,1.46,2020-11-09,2020-12-17,1
1805,2029,2269,15,14,6.48,2020-11-02,2020-12-10,0
1806,479,1154,20,6,3.34,2020-11-09,2020-12-08,0
1807,2368,1624,11,8,4.91,2020-11-29,2020-12-08,0
1808,1775,4098,4,1,0.41,2020-11-20,2020-12-27,0
1809,686,3324,23,5,2.33,2020-11-30,2021-01-02,0
1810,626,4517,25,3,4.13,2020-11-27,2021-01-03,0
1811,600,1112,21,9,9.67,2020-10-16,2021-01-01,0
1812,1643,220,18,1,5.56,2020-11-25,2020-12-17,0
1813,150,1617,13,2,0.71,2020-11-09,2020-12-17,1
1814,1139,1800,14,12,3.51,2020-10-13,2020-12-10,0
1815,1233,4066,2,3,5.27,2020-11-17,2020-12-22,0
1816,51,1235,6,10,5.91,2020-12-01,2020-12-13,1
1817,201,1728,2,3,0.33,2020-11-12,2020-12-14,0
1818,620,1985,20,2,2.22,2020-10-20,2020-12-26,1
1819,375,4803,3,1,2.32,2020-11-17,2020-12-07,0
1820,1937,403,10,3,8.39,2020-10-08,2020-12-08,0
1821,2553,4641,6,1,3.17,2020-10-10,2020-12-25,0
1822,1630,5283,17,12,7.17,2020-12-05,2020-12-22,0
1823,2482,5151,9,7,7.62,2020-10-04,2020-12-29,1
1824,2063,4389,24,6,1.12,2020-10-03,2020-12-15,0
1825,2311,2338,11,4,7.04,2020-11-21,2020-12-02,0
1826,1382,1604,6,15,4.77,2020-11-10,2020-12-23,0
1827,852,124,5,2,4.41,2020-11-01,2020-12-27,0
1828,2101,2683,5,15,1.55,2020-10-04,2020-12-08,0
1829,990,3120,25,13,3.87,2020-11-23,2020-12-24,0
1830,1177,2495,20,4,6.24,2020-10-25,2020-12-05,1
1831,1661,1173,5,6,4.60,2020-11-09,2020-12-01,1
1832,405,522,19,7,4.46,2020-11-04,2020-12-26,0
1833,2511,72,7,11,4.55,2020-11-06,2020-12-04,1
1834,1945,4087,1,1,6.09,2020-10-24,2020-12-15,0
1835,687,1020,18,6,2.79,2020-10-12,2020-12-26,0
1836,2149,1665,22,4,12.33,2020-12-03,2020-12-06,1
1837,2214,1509,12,13,7.24,2020-11-22,2020-12-01,1
1838,1333,2428,4,15,1.19,2020-11-10,2020-12-30,0
1839,564,4793,1,12,1.82,2020-11-27,2020-12-06,0
1840,1386,2967,19,1,2.11,2020-10-29,2020-12-13,0
1841,815,5336,17,7,4.62,2020-10-27,2020-12-12,0
1842,1132,2197,16,14,0.78,2020-12-06,2020-12-27,1
1843,1877,4384,10,11,0.86,2020-10-29,2020-12-15,0
1844,1360,2468,10,4,9.53,2020-10-10,2020-11-30,0
1845,2409,1730,18,15,0.98,2020-11-14,2020-12-23,0
1846,2216,1750,10,15,4.51,2020-11-25,2020-12-12,0
1847,527,2630,24,4,1.84,2020-10-23,2020-12-05,0
1848,2238,2032,11,11,1.11,2020-11-20,2021-01-03,0
1849,2333,5135,9,8,3.05,2020-10-01,2020-12-01,0
1850,2509,2872,20,5,2.02,2020-10-04,2020-12-10,0
1851,1155,1014,12,13,4.56,2020-10-17,2020-12-12,0
1852,1882,4461,3,13,10.86,2020-10-22,2020-11-30,0
1853,1996,2235,15,7,9.41,2020-10-14,2020-12-18,0
1854,207,5071,12,5,9.05,2020-11-24,2021-01-02,0
1855,1455,5558,21,14,4.40,2020-10-25,2021-01-04,1
1856,915,1490,19,2,0.56,2020-10-07,2020-12-23,0
1857,787,2511,17,8,2.40,2020-12-05,2020-12-18,0
1858,201,1680,13,6,7.07,2020-11-03,2020-12-03,0
1859,2015,4632,19,2,1.95,2020-10-30,2020-12-14,0
1860,390,3096,20,4,3.96,2020-11-29,2020-12-27,0
1861,2024,918,17,13,1.31,2020-11-06,2020-12-23,0
1862,2071,3867,14,5,0.51,2020-10-05,2020-11-29,0
1863,118,2620,8,7,6.34,2020-11-20,2020-12-09,0
1864,1602,4774,12,6,11.76,2020-11-05,2021-01-02,0
1865,2147,4600,8,10,6.99,2020-11-03,2020-12-06,0
1866,1662,3181,23,1,6.47,2020-12-04,2020-12-31,0
1867,320,1775,12,9,2.20,2020-11-01,2020-12-27,0
1868,2006,5103,10,5,5.24,2020-10-23,2020-12-14,1
1869,766,553,23,10,2.53,2020-11-11,2020-12-19,0
1870,1703,5389,16,14,2.10,2020-10-24,2020-12-05,0
1871,959,3553,8,11,9.34,2020-11-23,2020-12-08,0
1872,2277,5111,20,3,2.48,2020-10-19,2020-12-07,0
1873,1289,4251,11,6,2.19,2020-10-13,2020-12-04,0
1874,909,2352,25,11,1.29,2020-11-22,2021-01-04,0
1875,2078,596,3,4,0.71,2020-11-09,2020-12-29,0
1876,1127,4282,17,9,7.52,2020-10-07,2020-12-10,0
1877,573,1380,11,13,6.83,2020-10-30,2020-11-27,1
1878,2130,133,21,8,9.36,2020-11-16,2020-12-10,1
1879,11,3798,24,6,9.19,2020-12-01,2020-12-01,0
1880,2464,2165,20,12,13.60,2020-10-18,2020-12-29,1
1881,328,4098,23,3,0.06,2020-10-29,2020-12-25,1
1882,205,5617,1,2,8.92,2020-11-23,2020-12-11,0
1883,1905,3996,5,12,8.19,2020-10-10,2020-12-31,0
1884,633,3027,22,1,0.16,2020-10-24,2021-01-03,0
1885,2272,249,14,10,7.97,2020-11-21,2021-01-02,0
1886,294,2542,4,11,30.91,2020-11-05,2020-11-27,0
1887,2224,741,22,9,7.91,2020-11-29,2020-12-22,0
1888,1113,5195,18,14,12.57,2020-10-02,2020-11-29,0
1889,236,186,1,4,1.80,2020-10-06,2020-12-12,0
1890,600,410,2,3,5.48,2020-11-15,2020-12-09,0
1891,1349,2398,20,8,2.86,2020-10-07,2020-12-06,0
1892,866,2342,16,10,8.96,2020-11-10,2020-12-06,0
1893,2412,4884,8,11,2.86,2020-11-14,2020-11-27,1
1894,2218,3286,2,15,1.35,2020-10-11,2020-12-17,0
1895,404,1346,10,15,0.83,2020-12-03,2020-12-19,0
1896,473,456,5,5,31.41,2020-11-21,2020-12-17,0
1897,816,3069,18,7,5.79,2020-10-25,2020-11-27,1
1898,1652,773,3,14,0.22,2020-10-11,2020-11-28,0
1899,1815,2862,9,3,1.85,2020-11-08,2020-12-09,0
1900,1354,3872,3,7,3.05,2020-10-06,2021-01-04,1
1901,914,1018,21,14,0.64,2020-10-05,2020-11-28,0
1902,764,1075,21,13,0.46,2020-10-30,2020-12-01,0
1903,695,499,17,4,0.80,2020-11-07,2020-12-31,0
1904,625,1252,18,11,4.37,2020-11-04,2020-12-16,0
1905,1122,3786,24,3,8.57,2020-10-02,2020-11-29,0
1906,2108,4255,1,2,5.07,2020-10-16,2021-01-04,1
1907,2331,5304,19,15,1.18,2020-10-05,2020-12-31,0
1908,2445,5580,9,13,7.12,2020-11-01,2020-12-26,0
1909,2119,4204,10,5,3.45,2020-10-15,2020-12-16,0
1910,569,1428,17,14,6.88,2020-11-20,2020-12-20,0
1911,1890,2796,2,2,0.17,2020-11-17,2020-12-20,0
1912,2097,3972,18,4,1.99,2020-10-21,2020-12-11,0
1913,745,4529,10,6,3.58,2020-10-18,2020-12-09,0
1914,979,5392,24,3,28.86,2020-11-02,2020-12-17,0
1915,1274,2780,22,5,2.84,2020-11-01,2020-12-03,0
1916,2411,2289,1,15,4.33,2020-11-07,2020-12-22,0
1917,1256,2938,5,12,4.88,2020-12-02,2020-12-29,0
1918,1359,1704,13,1,6.70,2020-11-13,2020-12-06,0
1919,2208,2962,13,2,1.31,2020-12-01,2020-12-10,0
1920,96,83,16,4,9.84,2020-10-30,2020-12-13,0
1921,775,708,19,1,5.31,2020-10-26,2020-12-09,1
1922,2346,418,7,5,7.19,2020-11-22,2020-11-28,0
1923,2235,2858,20,15,6.84,2020-12-07,2020-12-20,1
1924,1168,106,22,14,4.24,2020-11-20,2020-11-30,0
1925,2522,2857,7,2,3.80,2020-11-25,2020-12-11,0
1926,1946,136,19,12,9.25,2020-10-18,2020-12-25,0
1927,307,4449,20,12,2.52,2020-11-11,2020-11-29,0
1928,768,1923,20,2,13.39,2020-10-27,2020-12-01,0
1929,2555,4383,15,9,2.97,2020-12-04,2020-12-29,1
1930,2305,2018,15,5,0.22,2020-12-07,2020-12-17,0
1931,2553,910,1,13,1.25,2020-11-01,2020-11-29,0
1932,413,1192,21,9,4.78,2020-10-27,2020-11-27,0
1933,348,1088,13,1,1.21,2020-11-25,2020-12-09,0
1934,390,3412,17,3,4.29,2020-11-21,2021-01-02,0
1935,130,1136,17,11,0.29,2020-10-11,2020-12-12,0
1936,2216,4577,17,14,3.96,2020-10-16,2020-11-28,1
1937,270,2288,10,3,1.71,2020-10-15,2020-12-13,1
1938,546,4301,2,6,2.05,2020-10-15,2020-12-04,1
1939,1399,2066,24,2,7.67,2020-10-28,2020-12-26,0
1940,2148,220,12,10,1.21,2020-11-11,2020-12-24,0
1941,418,4226,25,3,9.10,2020-11-12,2020-12-23,0
1942,1247,4230,6,5,1.27,2020-10-27,2020-11-28,0
1943,372,1736,16,12,14.78,2020-10-19,2021-01-04,0
1944,2046,1014,6,8,9.31,2020-10-05,2020-12-05,0
1945,826,2002,12,1,5.52,2020-11-23,2020-12-26,0
1946,1112,3835,1,3,2.73,2020-12-05,2021-01-02,1
1947,790,2253,19,1,1.77,2020-11-13,2020-12-12,1
1948,1603,4255,24,11,9.48,2020-10-18,2020-12-27,1
1949,1373,1107,17,15,9.77,2020-12-03,2020-12-23,1
1950,796,2610,24,3,8.54,2020-11-14,2020-12-11,0
1951,2381,830,21,1,0.14,2020-10-11,2020-12-07,0
1952,85,3918,7,3,8.27,2020-10-08,2021-01-01,0
1953,592,2270,24,6,3.69,2020-10-29,2020-12-02,0
1954,94,1753,20,4,9.46,2020-11-02,2021-01-03,0
1955,2405,2671,16,1,7.48,2020-11-23,2021-01-02,0
1956,1423,4442,8,12,1.47,2020-11-22,2020-12-01,0
1957,1014,4333,18,4,6.08,2020-11-09,2020-12-08,1
1958,2488,4340,17,1,0.63,2020-11-08,2020-12-30,1
1959,590,4889,11,4,6.72,2020-11-16,2020-12-19,0
1960,1235,2459,13,5,13.71,2020-12-07,2020-12-15,1
1961,2128,72,16,9,2.02,2020-10-18,2020-11-28,0
1962,187,3528,18,2,7.36,2020-12-04,2020-12-04,0
1963,1803,5669,22,5,9.51,2020-10-21,2020-12-23,0
1964,1861,4586,13,11,1.22,2020-10-19,2020-12-11,1
1965,117,3016,21,3,5.92,2020-11-16,2021-01-04,0
1966,2198,267,4,2,6.68,2020-11-01,2020-12-28,0
1967,1147,5349,22,2,2.48,2020-12-04,2020-12-26,0
1968,806,519,11,8,7.41,2020-11-20,2020-12-20,0
1969,2029,2954,11,9,5.61,2020-10-01,2021-01-03,1
1970,1679,1571,5,7,0.15,2020-11-14,2020-12-27,0
1971,2332,5245,2,9,9.91,2020-11-04,2021-01-01,0
1972,495,2244,12,15,1.71,2020-10-19,2020-12-20,0
1973,421,4969,5,10,4.29,2020-11-26,2020-12-23,1
1974,1482,5268,13,15,6.98,2020-11-05,2020-12-14,0
1975,1960,4743,14,3,1.19,2020-11-01,2020-12-20,0
1976,1336,4628,19,7,1.93,2020-11-09,2020-12-11,0
1977,1392,2049,12,14,4.90,2020-11-26,2020-12-31,0
1978,193,3864,9,3,0.79,2020-11-29,2020-12-13,0
1979,518,4219,3,7,3.28,2020-10-28,2020-11-29,0
1980,1782,4595,1,2,7.01,2020-10-18,2020-11-30,0
1981,921,5266,16,10,0.32,2020-11-01,2020-12-21,0
1982,908,4667,16,10,4.87,2020-10-27,2020-12-29,1
1983,625,4976,25,7,2.20,2020-10-15,2020-12-08,0
1984,2508,2102,1,7,4.95,2020-11-18,2020-12-26,0
1985,621,5755,13,11,4.41,2020-10-13,2020-12-25,0
1986,424,1002,11,3,0.24,2020-10-23,2020-11-28,0
1987,630,5588,8,2,4.14,2020-11-07,2020-12-26,0
1988,2235,2976,17,1,2.64,2020-10-22,2020-12-17,0
1989,1967,1290,14,1,6.27,2020-12-01,2020-12-16,0
1990,893,1555,21,5,13.74,2020-11-12,2020-12-21,0
1991,192,5226,4,5,5.70,2020-11-16,2021-01-02,0
1992,53,239,16,3,2.58,2020-11-26,2020-12-06,0
1993,2024,2820,1,3,8.69,2020-10-08,2020-12-10,1
1994,2067,4597,23,1,1.86,2020-10-29,2020-12-07,0
1995,2202,2984,23,10,9.27,2020-11-28,2020-11-28,0
1996,2458,5636,13,1,6.26,2020-11-17,2020-12-08,0
1997,1439,2021,5,13,4.84,2020-10-16,2020-12-02,0
1998,2512,5753,22,14,2.42,2020-10-07,2020-12-23,1
1999,980,1684,20,13,2.66,2020-11-11,2021-01-02,0
2000,369,2100,18,1,1.19,2020-10-26,2020-12-11,0
