purchase_id, food_id, store_id, user_id, quantity, total_price, purchase_date, expiration_date
1,2071,2557,3,8,6.66,2020-10-15,2020-11-30
2,1554,5754,6,10,3.87,2020-11-16,2020-12-22
3,1643,5014,5,4,2.67,2020-11-04,2020-11-30
4,2460,1439,9,2,1.42,2020-12-05,2020-12-04
5,503,259,2,3,12.64,2020-10-18,2020-12-16
6,48,5253,1,13,4.61,2020-11-10,2020-12-10
7,233,133,13,8,2.79,2020-10-09,2020-12-22
8,262,5761,9,7,0.77,2020-11-15,2020-12-28
9,312,1118,24,3,14.73,2020-11-17,2021-01-03
10,495,283,11,12,14.83,2020-11-19,2020-12-03
11,596,4883,10,6,4.55,2020-10-07,2020-12-31
12,1942,1585,8,1,1.65,2020-11-04,2020-12-07
13,67,2376,17,3,0.45,2020-10-26,2020-12-25
14,108,1932,3,7,0.29,2020-12-06,2020-12-30
15,2265,3887,16,4,11.25,2020-11-04,2020-12-21
16,2530,87,9,14,5.32,2020-11-28,2020-12-24
17,315,5613,21,2,5.32,2020-10-25,2020-12-22
18,1555,4590,6,13,1.59,2020-10-15,2020-12-25
19,1495,131,19,10,4.41,2020-10-17,2020-11-29
20,579,672,17,14,4.95,2020-10-13,2020-11-27
21,2478,404,13,13,0.76,2020-11-28,2020-12-22
22,954,387,14,5,6.24,2020-11-04,2021-01-03
23,349,3777,20,12,5.00,2020-11-02,2020-12-03
24,2219,2730,11,9,1.04,2020-11-14,2020-12-30
25,1153,4086,6,2,6.90,2020-12-02,2020-11-28
26,641,2155,17,9,5.17,2020-11-26,2021-01-03
27,2088,4206,17,12,4.09,2020-11-29,2020-11-29
28,1157,3834,8,4,2.63,2020-10-12,2020-12-07
29,258,1529,23,2,3.17,2020-10-27,2020-12-25
30,1957,2108,23,8,4.65,2020-11-30,2020-12-16
31,780,211,1,14,3.13,2020-10-15,2020-12-03
32,2114,5740,18,2,12.90,2020-10-27,2020-12-15
33,902,932,18,5,9.27,2020-10-24,2020-11-27
34,1838,1408,11,2,3.47,2020-11-22,2020-12-19
35,375,2797,13,13,4.00,2020-10-11,2020-12-22
36,2210,2976,7,6,12.13,2020-10-29,2021-01-02
37,2023,109,14,7,2.42,2020-10-11,2020-12-21
38,1707,5260,24,2,3.91,2020-11-18,2020-11-30
39,2250,1219,18,1,0.51,2020-10-16,2020-12-09
40,476,5313,12,10,1.56,2020-10-13,2020-12-30
41,2058,315,18,7,13.24,2020-12-05,2020-12-14
42,2393,5272,10,12,1.68,2020-10-12,2020-12-16
43,565,4572,13,3,4.46,2020-10-18,2020-12-30
44,1115,1126,13,2,1.67,2020-10-19,2020-12-05
45,1385,294,24,4,0.50,2020-10-17,2020-12-27
46,2555,4844,14,2,3.09,2020-10-24,2020-12-14
47,594,3873,10,4,5.64,2020-11-01,2020-12-01
48,2128,3822,4,6,4.78,2020-11-29,2021-01-02
49,1360,4152,22,5,2.60,2020-11-27,2020-12-13
50,95,4657,5,4,5.29,2020-10-01,2020-12-11
51,412,315,23,6,2.88,2020-10-06,2020-12-11
52,1851,2719,2,9,3.70,2020-11-30,2020-12-23
53,540,763,20,8,4.33,2020-10-18,2020-12-21
54,1181,3023,11,3,0.22,2020-10-10,2020-12-14
55,1149,1772,6,15,6.76,2020-10-06,2020-12-27
56,1733,884,19,1,11.75,2020-10-04,2020-12-19
57,2448,334,3,13,7.89,2020-12-02,2020-12-23
58,2179,5409,8,10,7.26,2020-11-02,2020-12-03
59,1853,4920,10,10,4.48,2020-11-07,2020-12-05
60,1246,2141,11,10,2.52,2020-11-21,2020-12-22
61,2359,4056,21,7,3.73,2020-11-28,2020-12-24
62,999,898,19,3,7.02,2020-10-04,2021-01-02
63,1487,4280,11,3,5.93,2020-12-02,2021-01-02
64,21,4860,11,3,9.03,2020-11-18,2020-12-29
65,696,769,6,3,13.73,2020-11-22,2020-12-01
66,2369,858,2,15,9.05,2020-10-10,2020-12-15
67,207,4876,19,9,7.73,2020-10-13,2020-12-26
68,2291,1704,2,8,6.45,2020-10-06,2020-12-04
69,1907,778,13,9,10.53,2020-11-25,2020-11-29
70,2441,4953,13,6,0.06,2020-10-22,2020-11-30
71,988,5368,15,9,13.40,2020-10-17,2020-12-13
72,2054,578,1,5,10.49,2020-11-13,2020-12-05
73,1824,1092,14,3,6.69,2020-11-25,2020-12-11
74,718,3344,9,7,6.14,2020-10-03,2020-12-16
75,2132,187,9,12,0.44,2020-11-20,2020-11-28
76,2531,3779,18,15,1.06,2020-11-22,2020-12-19
77,2045,94,12,2,2.09,2020-12-04,2020-12-02
78,2150,5058,2,9,2.85,2020-11-01,2020-12-03
79,1576,3201,1,1,9.13,2020-10-06,2020-12-10
80,2314,5583,7,8,0.79,2020-10-08,2020-12-15
81,912,2264,20,8,5.61,2020-10-02,2020-12-04
82,2398,5424,4,14,5.15,2020-10-11,2020-12-19
83,2007,4404,13,1,1.23,2020-10-27,2020-12-13
84,530,3998,11,13,0.08,2020-11-30,2020-12-15
85,2091,5511,20,9,1.19,2020-11-11,2020-12-09
86,1828,2946,14,6,2.43,2020-11-26,2020-12-12
87,1802,4187,21,4,0.86,2020-11-24,2020-12-04
88,1648,2689,23,3,0.47,2020-10-02,2020-12-10
89,741,1467,3,6,8.26,2020-12-05,2020-12-24
90,1420,3286,22,3,0.23,2020-12-07,2020-12-26
91,1896,4774,16,8,2.53,2020-10-08,2020-12-17
92,2329,5130,12,3,0.41,2020-11-01,2020-12-18
93,2287,1557,1,14,2.70,2020-11-14,2020-11-28
94,2588,2467,22,2,8.04,2020-12-06,2020-12-18
95,2565,1789,11,15,0.95,2020-10-23,2020-11-30
96,1985,3991,25,10,10.81,2020-10-18,2020-12-30
97,964,1834,2,10,4.14,2020-10-27,2020-12-07
98,2292,3923,2,3,1.91,2020-10-12,2020-12-04
99,2494,2360,16,12,11.69,2020-11-29,2020-12-23
100,294,3166,15,4,12.08,2020-11-02,2020-11-28
101,183,1869,25,12,5.67,2020-10-04,2020-12-18
102,701,5169,8,10,1.28,2020-12-06,2020-12-26
103,54,899,5,14,5.21,2020-10-05,2020-11-29
104,22,1871,18,4,0.22,2020-11-21,2020-12-01
105,131,5110,8,1,14.56,2020-11-12,2020-12-06
106,781,693,23,3,10.92,2020-11-28,2020-12-21
107,1644,335,14,12,5.74,2020-11-22,2020-12-17
108,2242,4412,19,1,29.92,2020-11-19,2020-12-20
109,2487,2240,6,6,6.58,2020-10-29,2020-12-23
110,2203,3497,21,1,6.58,2020-12-03,2021-01-04
111,1331,2825,8,3,1.43,2020-11-06,2020-12-07
112,103,5637,15,10,0.68,2020-10-20,2020-12-09
113,2120,5334,21,14,8.93,2020-11-30,2021-01-04
114,1702,4903,10,6,0.90,2020-11-23,2020-12-09
115,1414,1743,5,9,3.86,2020-11-11,2020-12-31
116,316,1411,12,11,2.70,2020-11-29,2020-12-05
117,2136,5070,4,13,1.80,2020-11-26,2020-12-14
118,2407,1570,6,1,18.31,2020-11-26,2020-12-17
119,2403,2651,23,4,3.34,2020-10-24,2020-12-11
120,905,1743,24,14,11.71,2020-11-21,2020-12-29
121,235,4608,13,7,2.36,2020-10-02,2020-11-27
122,1564,4892,13,5,0.26,2020-10-16,2020-12-02
123,2378,5456,16,3,9.65,2020-11-30,2020-12-16
124,2493,4524,14,4,4.16,2020-10-29,2020-12-13
125,255,3439,5,2,2.60,2020-11-23,2020-12-19
126,2319,5759,23,11,5.05,2020-12-07,2020-12-08
127,88,840,3,14,0.37,2020-10-27,2020-12-01
128,721,1345,3,3,2.08,2020-11-06,2020-12-05
129,2092,5585,20,2,7.29,2020-10-25,2020-12-03
130,2494,249,20,1,5.65,2020-11-05,2020-12-07
131,507,2478,21,3,4.95,2020-11-12,2020-12-25
132,2079,1409,14,15,4.78,2020-11-09,2020-11-29
133,2354,2714,3,5,4.47,2020-10-17,2020-12-24
134,1673,4704,6,9,1.08,2020-11-29,2020-12-27
135,763,1560,21,5,1.67,2020-11-13,2020-12-27
136,1674,461,1,5,3.72,2020-11-28,2020-12-04
137,1268,87,14,1,11.58,2020-10-24,2020-11-29
138,1827,322,4,2,4.19,2020-11-18,2020-12-27
139,2179,4998,11,2,4.54,2020-10-09,2020-12-09
140,113,1642,13,2,2.01,2020-10-04,2020-12-03
141,1639,4689,22,2,2.84,2020-11-10,2020-12-01
142,957,2829,1,13,18.71,2020-11-27,2020-12-05
143,78,874,11,2,0.26,2020-10-12,2020-12-25
144,303,3863,1,3,24.58,2020-10-01,2020-12-07
145,630,531,20,2,6.05,2020-11-24,2020-12-13
146,782,5491,13,15,3.32,2020-11-18,2020-12-08
147,2326,1121,21,12,0.73,2020-11-17,2020-12-07
148,2019,2439,20,12,6.83,2020-10-18,2020-12-11
149,859,197,3,4,4.43,2020-10-01,2020-12-29
150,1117,3868,17,10,2.60,2020-10-13,2021-01-04
151,2242,2989,4,4,11.36,2020-10-06,2020-11-27
152,650,259,18,1,0.04,2020-10-29,2021-01-04
153,2121,3514,19,2,8.34,2020-10-17,2020-11-28
154,1768,3041,15,6,3.92,2020-10-09,2020-12-10
155,827,337,15,12,1.96,2020-11-20,2020-12-11
156,1711,2913,11,13,2.79,2020-11-13,2020-12-20
157,981,3973,19,4,5.15,2020-11-24,2020-11-29
158,83,135,17,4,4.73,2020-10-06,2020-12-03
159,1401,2970,12,1,1.06,2020-11-07,2020-12-20
160,2242,3294,7,2,6.90,2020-11-16,2020-11-27
161,628,4059,13,5,14.33,2020-10-28,2020-12-09
162,502,4001,25,6,8.06,2020-11-03,2020-12-13
163,989,2921,21,10,1.88,2020-12-07,2021-01-02
164,687,947,13,15,10.17,2020-10-24,2020-12-23
165,974,3200,21,6,1.18,2020-10-21,2020-12-29
166,2131,4447,8,11,1.54,2020-11-11,2021-01-02
167,1346,5370,18,1,2.01,2020-11-16,2020-12-04
168,619,44,12,1,3.83,2020-10-10,2020-12-26
169,2376,725,14,11,5.57,2020-11-05,2020-12-20
170,2450,688,25,1,9.67,2020-10-01,2020-12-27
171,812,2420,19,12,7.04,2020-12-05,2020-12-10
172,428,3201,23,6,8.28,2020-10-22,2020-12-05
173,27,3388,17,15,0.19,2020-11-09,2021-01-02
174,375,5144,23,2,2.61,2020-11-23,2020-12-23
175,61,3537,23,14,2.68,2020-10-03,2021-01-03
176,1503,3563,9,12,2.06,2020-11-08,2020-12-06
177,1896,310,19,1,2.91,2020-10-28,2020-12-01
178,2476,2083,8,13,3.19,2020-11-08,2020-12-19
179,1346,490,12,2,0.90,2020-10-07,2021-01-02
180,2406,788,10,3,6.87,2020-11-24,2020-12-10
181,1275,4324,7,5,0.10,2020-11-26,2020-12-04
182,635,524,6,7,5.50,2020-10-26,2020-12-26
183,813,3644,8,13,0.02,2020-11-16,2020-12-03
184,2073,983,23,4,7.91,2020-11-30,2020-12-14
185,2541,1825,14,15,1.75,2020-11-05,2020-12-08
186,2061,3255,8,6,8.05,2020-10-12,2020-12-27
187,749,496,6,6,4.08,2020-10-01,2020-12-05
188,244,2846,14,5,3.09,2020-11-29,2020-11-30
189,1443,126,19,13,9.02,2020-12-02,2020-12-16
190,1515,5073,5,3,1.42,2020-10-08,2020-12-14
191,1515,3864,22,11,9.00,2020-11-02,2020-12-06
192,1997,4059,24,14,6.05,2020-11-10,2020-12-27
193,1938,5729,16,2,1.97,2020-11-17,2020-12-30
194,2559,1157,7,12,7.93,2020-11-19,2020-12-05
195,1574,4746,25,7,0.02,2020-11-22,2020-12-14
196,2589,4296,25,5,8.79,2020-11-26,2020-12-09
197,213,731,10,12,5.72,2020-10-20,2020-12-11
198,825,2577,9,12,3.38,2020-10-03,2021-01-01
199,1961,5488,9,11,1.82,2020-10-06,2020-12-18
200,258,1784,15,4,4.34,2020-11-30,2020-12-03
201,1399,2879,8,3,1.53,2020-11-12,2020-12-29
202,882,4677,7,15,13.86,2020-10-22,2020-12-14
203,705,5089,18,12,6.06,2020-12-07,2020-12-13
204,406,1169,20,7,0.18,2020-11-23,2020-12-20
205,85,1043,12,15,3.45,2020-11-16,2020-12-10
206,1581,3122,22,7,6.56,2020-11-04,2021-01-02
207,108,1468,25,10,3.96,2020-11-10,2020-12-30
208,1200,2714,23,4,7.95,2020-11-27,2020-12-29
209,1272,4249,22,3,7.46,2020-10-06,2020-12-05
210,1916,4879,22,9,6.95,2020-11-18,2020-12-22
211,905,3897,5,15,6.16,2020-10-19,2020-12-12
212,443,807,4,8,4.03,2020-11-01,2021-01-01
213,1847,992,1,14,10.88,2020-10-01,2020-12-02
214,172,273,15,2,9.42,2020-11-04,2021-01-02
215,1233,1240,18,1,8.80,2020-10-05,2020-12-13
216,2471,152,10,4,1.30,2020-10-23,2020-12-07
217,2288,374,19,9,2.78,2020-11-11,2020-12-28
218,1200,1941,7,4,0.25,2020-12-04,2020-12-16
219,951,2628,25,1,14.62,2020-10-26,2020-12-19
220,34,949,21,6,4.57,2020-10-11,2020-12-21
221,2504,1254,11,4,8.61,2020-11-17,2020-12-01
222,393,1462,3,12,3.59,2020-11-28,2020-11-28
223,1955,2752,24,1,8.96,2020-10-13,2021-01-02
224,1922,599,18,12,2.18,2020-10-29,2020-12-09
225,579,644,12,3,7.71,2020-10-05,2020-12-09
226,1753,1723,22,5,13.76,2020-11-09,2020-12-23
227,1002,1740,24,4,0.43,2020-12-05,2020-11-30
228,2062,5672,16,5,2.80,2020-10-13,2020-12-25
229,1346,893,17,1,2.20,2020-10-17,2020-12-28
230,142,3898,3,5,2.25,2020-10-18,2020-12-26
231,370,951,4,12,4.45,2020-11-22,2020-12-30
232,598,5463,25,11,10.66,2020-11-01,2020-12-28
233,427,1280,10,3,6.37,2020-10-07,2020-11-28
234,922,3496,24,6,0.15,2020-10-29,2020-12-04
235,772,5407,4,1,0.70,2020-10-14,2020-11-28
236,480,3561,10,10,0.86,2020-10-10,2021-01-03
237,501,3340,6,7,2.97,2020-11-21,2020-12-18
238,1572,315,9,2,3.81,2020-10-05,2020-12-08
239,1586,2459,13,14,6.90,2020-11-07,2021-01-01
240,734,3234,1,3,4.27,2020-11-11,2020-11-27
241,2355,5242,13,12,5.08,2020-12-04,2020-12-10
242,874,2509,15,9,7.26,2020-10-13,2020-12-28
243,630,5796,7,2,9.15,2020-10-17,2021-01-03
244,2047,412,23,3,1.64,2020-10-03,2021-01-04
245,1772,1865,25,12,5.23,2020-11-13,2020-12-30
246,393,1712,23,3,2.52,2020-12-01,2020-12-28
247,867,2196,10,5,32.63,2020-10-14,2020-12-03
248,140,582,7,10,8.45,2020-10-15,2020-12-16
249,2012,3851,11,8,4.33,2020-11-27,2020-12-09
250,976,2780,19,14,7.20,2020-10-17,2020-12-16
251,720,3727,15,14,4.77,2020-10-20,2020-12-22
252,1399,2317,4,2,11.71,2020-10-01,2020-12-14
253,1434,4959,16,14,32.20,2020-11-01,2020-12-14
254,1474,929,1,4,2.02,2020-11-09,2020-12-13
255,918,4936,8,3,9.15,2020-10-07,2020-12-29
256,827,4322,22,1,4.88,2020-11-08,2020-12-17
257,1983,5038,9,2,6.52,2020-11-06,2020-11-29
258,1220,2275,20,6,3.96,2020-10-08,2020-12-31
259,1446,5699,21,3,0.53,2020-11-14,2020-12-15
260,2003,4278,21,8,18.06,2020-10-23,2021-01-04
261,562,3282,1,15,1.25,2020-10-06,2020-12-28
262,2323,4419,5,4,6.89,2020-10-11,2020-12-09
263,1494,1598,2,2,6.19,2020-10-04,2020-12-12
264,983,5267,2,3,2.62,2020-11-16,2021-01-01
265,715,150,16,15,4.12,2020-10-02,2020-12-22
266,1151,292,10,6,0.77,2020-10-16,2020-12-23
267,297,1072,3,1,1.07,2020-10-19,2020-12-01
268,2,165,5,9,7.99,2020-12-06,2021-01-02
269,150,4036,12,4,10.12,2020-10-26,2020-11-28
270,1188,3046,23,12,2.27,2020-11-08,2021-01-01
271,2220,209,7,6,2.59,2020-11-08,2020-12-09
272,2517,1532,8,7,0.85,2020-11-09,2021-01-03
273,1769,893,9,14,6.13,2020-11-04,2020-12-27
274,364,4766,8,10,0.60,2020-11-15,2020-12-10
275,2523,408,23,8,0.94,2020-12-02,2020-12-03
276,858,155,24,8,2.55,2020-11-17,2020-12-05
277,2307,2086,2,5,7.37,2020-10-27,2020-12-05
278,662,5065,17,10,4.18,2020-12-04,2020-11-30
279,647,392,14,6,2.25,2020-12-01,2020-12-08
280,787,3715,3,14,3.75,2020-11-05,2020-12-26
281,2548,574,4,5,6.20,2020-10-05,2020-12-25
282,1938,760,11,12,7.17,2020-11-18,2020-12-14
283,1489,374,18,2,2.90,2020-12-05,2020-11-29
284,1556,2498,15,4,1.81,2020-11-04,2020-12-28
285,360,3795,1,2,3.29,2020-10-23,2020-12-03
286,1250,540,10,8,4.84,2020-11-17,2020-12-08
287,851,2036,4,13,1.14,2020-10-12,2021-01-03
288,1917,216,14,13,5.48,2020-11-19,2020-12-12
289,1396,953,2,2,0.90,2020-11-29,2020-11-27
290,749,2591,8,10,3.23,2020-11-07,2020-12-21
291,1158,563,14,1,2.79,2020-11-11,2020-12-06
292,1287,3188,10,3,4.37,2020-11-27,2020-12-26
293,1360,5594,16,3,6.72,2020-10-28,2020-12-23
294,23,575,20,4,6.32,2020-10-16,2020-12-13
295,554,2651,12,4,5.56,2020-10-22,2020-12-13
296,1812,1144,20,5,1.58,2020-11-10,2020-12-23
297,1589,2597,13,15,5.25,2020-11-18,2020-12-09
298,259,4259,12,10,3.63,2020-10-18,2020-12-24
299,2332,676,11,2,2.89,2020-11-09,2020-12-13
300,2517,5051,21,6,3.70,2020-11-17,2020-12-21
301,1986,4553,19,4,2.41,2020-10-25,2020-12-07
302,1641,3878,19,3,5.33,2020-10-02,2020-12-07
303,1990,3145,14,8,28.94,2020-10-22,2020-12-17
304,1218,5161,4,15,2.83,2020-11-19,2021-01-04
305,438,1472,21,13,10.78,2020-11-16,2021-01-03
306,2260,4121,22,1,9.38,2020-10-02,2020-12-16
307,1708,5272,25,6,0.54,2020-11-17,2021-01-03
308,2332,2358,23,4,3.92,2020-11-26,2020-12-03
309,891,1206,19,2,8.49,2020-10-23,2020-12-13
310,1923,3291,18,3,2.20,2020-11-17,2020-12-01
311,1949,2342,13,13,5.93,2020-12-07,2020-12-23
312,234,3125,24,12,9.06,2020-11-06,2021-01-02
313,461,523,22,8,0.88,2020-10-06,2021-01-04
314,1285,4800,10,4,6.31,2020-10-30,2020-12-24
315,957,2789,10,10,7.65,2020-10-05,2020-12-31
316,1639,3654,17,4,1.83,2020-10-02,2021-01-01
317,1711,4645,23,8,0.45,2020-10-08,2020-12-20
318,46,1316,16,6,1.06,2020-12-04,2020-12-24
319,168,5403,1,1,5.57,2020-11-15,2021-01-03
320,2557,5387,9,8,5.21,2020-12-03,2020-12-06
321,787,462,23,2,0.61,2020-10-13,2020-12-03
322,2250,125,3,6,1.16,2020-11-14,2020-12-29
323,451,2392,2,9,6.81,2020-10-07,2020-12-12
324,505,1661,3,1,0.86,2020-10-19,2020-12-28
325,1649,2731,21,9,3.16,2020-11-20,2020-12-16
326,1867,576,2,14,7.88,2020-11-19,2020-12-11
327,1386,4210,25,7,3.23,2020-10-25,2020-12-14
328,1711,3756,13,1,1.28,2020-10-21,2021-01-03
329,87,3428,10,15,4.09,2020-12-03,2020-12-10
330,919,4480,25,13,0.40,2020-12-01,2020-12-06
331,852,945,17,7,8.24,2020-11-10,2020-12-09
332,2558,5544,12,2,1.73,2020-11-12,2020-12-31
333,1007,1821,14,4,0.92,2020-11-17,2020-12-15
334,2288,2350,11,3,14.07,2020-11-23,2020-12-28
335,1759,1326,21,15,3.00,2020-12-04,2020-11-30
336,2352,379,18,8,6.55,2020-10-13,2020-12-17
337,2122,5007,23,1,1.92,2020-10-08,2020-12-09
338,1646,102,5,13,16.00,2020-10-23,2020-12-23
339,1411,3692,13,9,4.19,2020-10-17,2020-12-26
340,1249,2388,3,12,5.07,2020-10-13,2020-12-30
341,2385,803,7,9,0.37,2020-11-22,2020-12-26
342,120,4251,10,1,0.29,2020-10-18,2020-11-28
343,1828,1042,16,9,5.51,2020-11-27,2020-11-29
344,134,4128,25,15,32.81,2020-11-05,2020-12-06
345,2399,2093,3,13,0.24,2020-10-11,2020-11-29
346,1600,4178,9,9,5.17,2020-10-01,2020-12-13
347,2339,1539,5,4,1.97,2020-10-07,2020-12-28
348,352,517,20,1,4.46,2020-10-29,2020-12-08
349,1880,1364,9,8,0.74,2020-10-10,2020-12-09
350,2302,3598,7,13,3.47,2020-11-18,2020-12-22
351,73,3721,21,12,2.26,2020-10-02,2020-12-15
352,2280,1181,5,7,2.48,2020-10-06,2020-12-28
353,243,3678,10,12,0.36,2020-10-18,2020-12-11
354,941,54,3,5,7.63,2020-11-22,2020-12-28
355,2553,4217,20,2,2.89,2020-11-05,2020-12-01
356,1795,5151,14,6,3.40,2020-10-27,2020-12-09
357,1471,2847,13,3,3.68,2020-11-20,2020-12-28
358,1894,3378,14,14,4.56,2020-10-13,2021-01-03
359,296,2387,23,11,5.53,2020-10-26,2020-12-21
360,1268,3108,3,9,3.31,2020-10-24,2020-12-08
361,1343,2757,24,12,12.39,2020-12-05,2020-12-09
362,1491,2189,1,12,7.52,2020-11-26,2020-12-06
363,2223,5202,21,2,3.20,2020-11-23,2020-12-31
364,2275,1210,4,2,6.94,2020-11-23,2020-12-11
365,2486,3249,17,10,2.51,2020-11-04,2020-12-15
366,656,1509,15,6,1.75,2020-11-26,2020-12-01
367,58,4245,25,7,2.44,2020-11-19,2020-12-07
368,1765,3087,25,1,3.57,2020-11-14,2020-12-19
369,1933,3297,7,1,2.73,2020-12-01,2020-12-28
370,2292,3379,24,6,8.96,2020-11-09,2020-12-27
371,1486,1095,8,7,1.78,2020-10-26,2021-01-01
372,1718,2170,16,2,10.78,2020-10-17,2021-01-02
373,1562,1033,24,10,5.39,2020-10-29,2020-12-14
374,1966,612,23,1,3.22,2020-10-23,2020-12-05
375,1245,3408,2,6,6.18,2020-11-17,2020-12-30
376,2496,510,11,7,7.95,2020-10-03,2020-12-25
377,1822,2222,6,3,9.91,2020-12-04,2020-12-05
378,2454,4967,13,1,2.01,2020-11-11,2020-12-25
379,380,744,11,6,5.96,2020-11-03,2020-12-08
380,1896,3316,23,7,2.30,2020-11-04,2021-01-01
381,2200,5284,7,5,3.85,2020-10-20,2020-12-31
382,783,5715,7,12,6.82,2020-11-13,2020-12-15
383,369,3382,3,2,3.67,2020-10-31,2020-12-17
384,924,4702,4,15,2.19,2020-12-06,2020-12-20
385,266,2500,24,7,1.54,2020-11-13,2020-12-08
386,1568,623,20,3,3.64,2020-11-07,2020-12-12
387,1399,775,12,9,0.50,2020-11-22,2020-12-08
388,1689,5560,18,12,10.98,2020-11-10,2020-12-22
389,1926,2917,15,10,6.54,2020-10-25,2020-12-22
390,239,302,7,3,2.31,2020-11-22,2021-01-01
391,2028,2592,23,3,6.73,2020-10-24,2020-12-21
392,2213,4401,19,10,0.79,2020-10-14,2020-12-29
393,223,3291,12,1,7.72,2020-11-09,2020-12-03
394,2221,2204,2,1,6.23,2020-10-02,2020-11-30
395,2211,1180,13,12,3.17,2020-11-08,2020-12-08
396,1734,1172,2,1,11.13,2020-11-10,2020-12-19
397,1396,1628,21,11,1.26,2020-12-06,2020-12-07
398,1658,4884,7,14,5.06,2020-10-17,2020-12-30
399,129,1472,21,5,8.35,2020-11-17,2020-12-11
400,1940,1030,8,11,0.06,2020-10-02,2020-11-27
401,2088,1165,19,10,9.86,2020-10-22,2020-12-23
402,294,3627,13,12,0.89,2020-11-04,2020-12-23
403,1351,2679,5,4,4.67,2020-11-19,2020-12-03
404,1910,728,16,3,3.26,2020-10-03,2020-12-12
405,453,5311,17,7,9.63,2020-10-18,2020-12-10
406,1612,1061,23,12,3.01,2020-10-24,2020-12-03
407,2052,5294,17,8,4.02,2020-11-28,2020-12-10
408,2226,4324,16,4,6.42,2020-12-05,2020-12-28
409,1365,1304,6,12,6.39,2020-10-20,2020-12-01
410,1685,2878,15,13,3.41,2020-10-27,2020-12-10
411,1679,4050,6,4,2.09,2020-11-19,2020-12-03
412,476,3307,15,4,1.77,2020-11-18,2020-12-15
413,980,1961,8,5,3.39,2020-12-02,2020-12-25
414,53,124,23,8,1.53,2020-10-15,2020-11-30
415,1616,1935,4,14,4.54,2020-12-01,2020-12-01
416,1459,3350,14,11,6.99,2020-10-16,2021-01-04
417,873,1308,21,2,7.20,2020-11-26,2020-12-15
418,2000,5705,13,9,2.19,2020-10-14,2021-01-02
419,937,226,11,13,12.96,2020-11-29,2020-12-29
420,387,1461,16,4,0.57,2020-10-29,2020-11-28
421,678,3292,20,10,7.84,2020-10-24,2020-12-18
422,938,5112,25,8,14.25,2020-11-28,2020-11-29
423,598,998,8,7,3.90,2020-10-02,2020-11-30
424,1204,2769,3,11,3.02,2020-10-02,2020-12-28
425,1737,5050,11,15,3.07,2020-11-01,2020-12-23
426,2582,1524,24,1,6.60,2020-11-26,2020-12-17
427,954,2735,2,7,8.85,2020-10-21,2020-12-20
428,393,1382,25,14,1.64,2020-10-03,2020-11-30
429,2570,4510,10,1,4.36,2020-12-05,2020-12-01
430,249,1512,4,1,3.26,2020-11-16,2020-12-02
431,561,127,20,6,0.50,2020-10-03,2021-01-01
432,2513,1326,2,3,10.63,2020-10-31,2020-12-25
433,409,2482,25,7,8.60,2020-10-08,2020-12-02
434,2290,1534,24,6,6.00,2020-10-08,2020-12-25
435,1246,5780,3,12,5.72,2020-12-04,2020-12-22
436,1652,2750,23,1,7.57,2020-10-11,2020-12-08
437,2579,2882,13,15,4.72,2020-10-09,2020-12-17
438,2202,2670,23,4,2.33,2020-10-13,2020-12-31
439,1953,1814,10,12,8.60,2020-11-28,2020-12-04
440,1316,4430,17,7,1.50,2020-11-12,2020-12-18
441,1200,4118,24,12,6.08,2020-10-30,2020-12-22
442,2256,731,12,6,2.55,2020-10-12,2021-01-03
443,81,2225,21,14,3.87,2020-10-26,2021-01-01
444,1200,2816,1,2,2.68,2020-10-01,2020-12-07
445,1965,5549,12,2,6.56,2020-11-27,2020-12-31
446,263,3025,14,2,8.25,2020-11-10,2020-12-22
447,1791,1060,10,3,3.84,2020-12-01,2020-12-09
448,993,5438,14,4,5.05,2020-11-29,2020-12-05
449,84,3502,25,3,2.24,2020-11-11,2020-12-27
450,894,4388,19,9,5.95,2020-10-07,2021-01-03
451,1612,5202,14,14,1.71,2020-11-04,2020-12-01
452,1823,3149,20,12,2.99,2020-10-28,2020-12-22
453,1243,4607,9,11,7.38,2020-10-23,2020-12-06
454,793,139,24,1,8.12,2020-10-06,2020-12-15
455,1656,3912,22,15,9.82,2020-10-11,2020-12-05
456,2086,1851,9,8,6.90,2020-10-28,2020-12-23
457,1149,1436,7,5,8.16,2020-10-03,2020-12-19
458,1186,3976,8,13,3.85,2020-11-09,2021-01-04
459,1287,5027,23,13,2.49,2020-10-23,2020-12-09
460,745,1499,11,11,7.35,2020-11-24,2020-12-30
461,2461,4600,23,3,6.55,2020-11-27,2020-12-23
462,1831,4387,22,5,1.16,2020-11-13,2020-12-03
463,1781,407,2,13,9.03,2020-10-11,2020-12-30
464,1746,755,14,1,8.51,2020-10-14,2020-12-05
465,1113,3906,1,9,1.80,2020-11-14,2020-12-18
466,1601,569,18,12,7.41,2020-12-01,2020-12-09
467,99,1601,21,11,2.16,2020-10-04,2020-12-18
468,2103,5639,5,4,31.12,2020-12-02,2020-12-20
469,1186,2509,9,5,0.74,2020-11-02,2020-12-15
470,712,2513,17,13,8.04,2020-10-15,2021-01-01
471,390,649,11,5,3.35,2020-11-13,2020-12-23
472,414,4160,14,9,2.04,2020-10-04,2021-01-04
473,2420,3300,21,4,9.71,2020-10-01,2020-12-27
474,111,5094,17,13,3.45,2020-10-27,2020-11-30
475,1928,3671,10,3,2.88,2020-10-12,2020-12-20
476,1567,1412,14,4,6.20,2020-10-04,2020-12-01
477,1978,286,15,13,1.03,2020-11-30,2020-12-21
478,938,4559,22,9,9.55,2020-12-04,2020-12-26
479,2331,4502,24,15,6.50,2020-11-16,2020-12-11
480,2090,5256,17,7,0.21,2020-11-29,2020-12-11
481,1611,5204,16,15,3.00,2020-10-30,2020-12-24
482,2457,3736,22,1,11.95,2020-11-08,2020-12-09
483,947,561,6,3,2.16,2020-11-27,2020-12-06
484,129,2587,1,9,3.30,2020-11-29,2020-12-06
485,1390,3922,4,1,0.40,2020-10-26,2020-12-08
486,1710,1232,13,3,0.78,2020-11-10,2020-12-24
487,2566,407,17,2,9.00,2020-10-17,2020-12-26
488,43,5177,13,4,5.39,2020-10-31,2020-12-28
489,230,643,18,4,7.52,2020-10-07,2020-12-04
490,1332,1051,15,11,2.40,2020-11-08,2020-12-22
491,2534,5363,12,4,3.12,2020-11-25,2020-12-21
492,1345,2467,1,4,2.76,2020-10-01,2020-12-11
493,2562,5529,17,4,3.06,2020-12-07,2020-12-13
494,1744,5339,11,15,6.15,2020-11-15,2020-12-02
495,1780,5640,9,1,3.23,2020-10-04,2020-12-19
496,362,1747,14,5,4.92,2020-12-05,2020-12-18
497,493,2097,8,1,2.27,2020-11-10,2020-12-02
498,1830,3468,6,1,8.38,2020-10-14,2020-12-27
499,1160,4215,12,2,0.75,2020-10-16,2020-12-21
500,1234,1265,12,1,12.31,2020-10-22,2020-11-27
501,2563,5522,12,9,7.87,2020-11-04,2020-12-10
502,248,1016,3,2,9.75,2020-11-28,2020-12-10
503,1776,4641,12,7,4.29,2020-11-08,2020-12-07
504,1975,3539,22,8,10.99,2020-11-01,2020-12-30
505,1818,3415,14,4,5.65,2020-11-14,2021-01-04
506,2213,2480,13,13,5.16,2020-10-18,2020-11-30
507,559,415,11,14,9.97,2020-10-19,2020-11-27
508,1990,2277,16,1,9.55,2020-11-15,2020-12-27
509,2110,1724,7,4,0.03,2020-10-06,2020-11-27
510,2135,1945,3,5,7.74,2020-10-02,2020-12-09
511,1741,1848,6,1,4.78,2020-11-11,2020-12-24
512,2280,2540,4,11,28.73,2020-11-11,2020-12-12
513,1757,1201,2,15,7.31,2020-10-07,2021-01-03
514,1285,163,13,3,2.35,2020-11-15,2020-12-14
515,2030,5458,20,14,0.95,2020-10-15,2020-12-11
516,771,3974,21,13,14.65,2020-10-10,2020-12-26
517,701,1635,22,12,3.29,2020-11-13,2020-12-02
518,2442,2511,24,2,0.13,2020-12-07,2020-12-16
519,1570,2522,9,14,8.71,2020-10-28,2020-12-27
520,97,1620,9,4,1.48,2020-10-19,2020-12-19
521,1339,398,24,10,0.83,2020-10-25,2020-12-30
522,618,836,18,13,0.83,2020-10-02,2020-12-23
523,112,980,8,2,2.58,2020-11-30,2020-11-28
524,279,3798,24,8,3.15,2020-12-04,2020-12-08
525,1655,1880,1,15,2.41,2020-10-27,2020-12-21
526,686,247,2,2,0.24,2020-11-27,2020-12-20
527,355,4123,20,3,3.45,2020-10-16,2020-11-28
528,2004,1218,19,12,14.71,2020-11-02,2020-12-02
529,672,5159,22,14,4.13,2020-12-04,2020-12-30
530,54,5476,13,8,6.55,2020-11-19,2020-12-13
531,1621,3188,1,14,3.94,2020-11-29,2020-12-18
532,2355,914,16,4,6.48,2020-12-05,2020-12-28
533,831,4642,19,2,5.88,2020-10-29,2020-12-12
534,1539,72,8,15,2.63,2020-10-05,2020-12-04
535,2282,2055,2,3,0.56,2020-12-07,2021-01-04
536,2568,2461,5,2,1.77,2020-10-04,2020-12-09
537,113,526,12,1,6.32,2020-11-24,2020-12-12
538,2505,1057,16,10,6.33,2020-12-07,2020-12-06
539,81,1619,22,14,6.98,2020-10-26,2020-12-09
540,1705,2234,23,10,7.06,2020-11-12,2020-12-08
541,1725,781,6,13,0.84,2020-10-27,2020-12-04
542,590,4222,11,3,0.16,2020-10-08,2020-12-17
543,86,4815,17,1,1.66,2020-12-02,2020-12-13
544,461,744,9,9,1.63,2020-10-10,2020-12-29
545,925,4226,24,10,3.65,2020-11-20,2020-12-11
546,2455,5368,7,8,6.96,2020-12-02,2020-12-01
547,874,2106,23,6,0.40,2020-11-17,2020-11-30
548,1627,5758,20,2,4.00,2020-10-04,2020-11-29
549,113,5805,24,3,4.68,2020-10-18,2020-12-02
550,176,2176,20,5,6.80,2020-11-14,2020-12-03
551,1484,3341,4,7,14.93,2020-10-06,2021-01-03
552,465,4210,23,14,0.09,2020-10-06,2020-12-15
553,1315,3118,23,12,25.92,2020-11-03,2020-12-20
554,289,4704,17,1,0.41,2020-11-13,2020-12-26
555,1337,161,21,1,1.21,2020-11-01,2020-12-19
556,1683,5232,25,5,1.77,2020-10-31,2020-12-24
557,149,3560,24,4,2.00,2020-10-12,2020-12-16
558,1273,408,9,13,4.41,2020-11-08,2020-12-22
559,1662,117,21,8,8.11,2020-12-01,2020-12-31
560,859,1569,22,6,4.79,2020-11-26,2021-01-02
561,1846,65,21,2,1.75,2020-11-19,2020-12-08
562,1508,2237,23,1,4.08,2020-10-05,2020-12-04
563,377,665,2,15,2.53,2020-12-02,2020-11-30
564,210,4355,23,14,4.76,2020-11-03,2020-12-11
565,457,2847,3,11,2.67,2020-11-10,2021-01-01
566,2342,2235,1,10,5.73,2020-10-10,2020-12-25
567,449,4491,13,3,8.27,2020-10-21,2020-12-07
568,1171,5363,17,9,9.11,2020-11-20,2020-12-17
569,2523,4087,12,11,7.17,2020-10-10,2020-12-17
570,2423,1048,24,10,8.48,2020-11-07,2020-12-04
571,2591,579,20,7,3.07,2020-10-01,2020-12-11
572,2045,1849,3,2,6.07,2020-10-13,2020-12-10
573,407,3528,21,4,3.91,2020-10-09,2020-11-28
574,1413,465,22,2,2.18,2020-11-03,2020-11-30
575,2584,4524,20,3,4.73,2020-10-04,2020-12-01
576,1809,4338,2,5,6.77,2020-11-25,2020-12-19
577,2239,3843,13,2,4.21,2020-11-23,2020-12-18
578,1387,2227,25,4,5.64,2020-11-11,2020-12-18
579,830,4909,5,6,8.95,2020-11-17,2020-12-01
580,2578,1539,20,1,3.65,2020-10-21,2020-12-11
581,1412,1171,10,5,4.86,2020-10-24,2020-12-17
582,410,5688,17,2,9.47,2020-10-19,2020-12-16
583,2372,5584,8,11,5.37,2020-10-20,2020-12-26
584,2518,3852,11,5,6.45,2020-11-23,2020-12-23
585,1916,4448,8,3,1.79,2020-12-05,2020-12-13
586,1752,1298,16,12,1.97,2020-11-14,2020-12-06
587,734,3610,7,5,4.42,2020-11-29,2020-12-24
588,1352,4091,18,3,6.84,2020-11-20,2020-12-26
589,2573,2564,5,1,9.95,2020-10-23,2020-12-28
590,1884,4566,20,1,10.28,2020-10-28,2021-01-01
591,539,2007,22,4,2.58,2020-10-08,2020-12-29
592,1366,5758,11,1,9.21,2020-10-27,2020-12-09
593,951,5028,13,10,5.32,2020-12-01,2020-12-06
594,1780,4974,13,15,4.09,2020-11-06,2020-12-08
595,2094,2048,7,4,3.10,2020-10-22,2020-12-22
596,1291,5576,17,15,0.95,2020-11-19,2020-12-03
597,471,5661,25,1,4.02,2020-10-31,2020-12-17
598,541,3723,4,1,11.54,2020-10-25,2021-01-04
599,73,4754,1,1,0.14,2020-10-01,2020-11-27
600,1419,2080,21,14,3.40,2020-11-16,2020-12-05
601,973,4672,19,5,5.24,2020-11-20,2020-12-28
602,222,3556,15,4,1.71,2020-10-20,2020-11-28
603,2206,3986,11,14,4.87,2020-12-03,2020-12-12
604,1702,230,19,5,0.13,2020-11-10,2020-12-12
605,818,2870,15,9,1.27,2020-11-10,2020-12-06
606,1302,123,5,10,5.55,2020-10-14,2020-12-07
607,237,5485,15,5,9.33,2020-11-17,2021-01-01
608,2033,2178,8,1,1.86,2020-10-10,2020-12-14
609,717,262,18,9,6.75,2020-10-27,2020-12-25
610,1587,111,21,1,8.36,2020-11-11,2020-12-28
611,2305,4727,20,5,0.15,2020-11-29,2020-11-27
612,2583,2670,11,3,31.69,2020-11-01,2020-12-13
613,1923,4850,3,14,2.48,2020-12-02,2020-12-21
614,2544,5032,20,2,8.64,2020-10-25,2020-11-29
615,2319,4117,14,10,2.64,2020-11-20,2021-01-01
616,1779,2213,5,1,8.37,2020-11-09,2020-11-28
617,1673,2346,9,12,0.20,2020-10-24,2021-01-04
618,1348,4107,4,5,9.04,2020-10-22,2020-12-05
619,2311,1836,9,14,1.63,2020-10-21,2020-12-16
620,1728,2891,13,2,2.57,2020-11-15,2021-01-04
621,1900,2973,19,10,6.30,2020-10-11,2020-12-19
622,1602,3957,16,8,1.36,2020-11-09,2020-11-27
623,1874,2032,21,14,9.99,2020-10-18,2020-12-26
624,483,2573,11,8,4.51,2020-10-31,2020-12-13
625,433,2697,20,1,5.89,2020-12-03,2021-01-04
626,1540,45,1,3,4.12,2020-10-27,2020-12-26
627,79,675,18,3,1.41,2020-11-23,2020-12-25
628,2513,3746,22,9,1.93,2020-10-10,2020-12-23
629,1758,2428,20,13,13.00,2020-11-11,2020-12-31
630,1340,2196,14,3,17.03,2020-11-24,2020-12-15
631,2524,2496,13,13,7.20,2020-11-11,2021-01-04
632,1960,792,23,11,8.92,2020-12-03,2020-12-13
633,2005,1960,21,13,2.21,2020-10-21,2020-11-29
634,467,1449,5,11,5.23,2020-10-26,2020-12-23
635,892,5289,12,9,3.08,2020-11-11,2020-12-31
636,580,1749,13,3,0.68,2020-11-16,2020-12-02
637,570,4778,25,4,6.76,2020-11-16,2020-12-26
638,1564,1350,2,1,1.48,2020-11-24,2020-12-03
639,2371,3583,20,15,4.84,2020-11-12,2021-01-03
640,394,1522,4,6,5.29,2020-10-26,2020-12-18
641,2109,2027,5,3,2.82,2020-11-19,2020-12-19
642,1392,3300,25,2,6.83,2020-11-17,2020-12-29
643,1124,1409,21,13,29.26,2020-10-23,2020-12-09
644,2289,1905,18,14,6.71,2020-11-17,2021-01-01
645,870,2756,13,14,6.03,2020-11-29,2020-12-08
646,2543,267,20,12,3.41,2020-10-07,2020-12-05
647,1630,363,1,4,3.80,2020-11-10,2020-12-08
648,1383,1973,22,8,2.25,2020-11-04,2020-12-16
649,705,5115,24,6,6.99,2020-11-17,2021-01-03
650,2551,1946,13,8,7.80,2020-10-12,2021-01-02
651,355,3228,15,3,9.75,2020-10-09,2020-12-28
652,2588,5460,10,6,2.11,2020-10-01,2021-01-04
653,966,503,11,12,1.60,2020-11-23,2021-01-04
654,677,3057,2,9,10.05,2020-12-07,2020-12-14
655,2140,3956,3,15,3.22,2020-10-02,2020-12-09
656,261,4119,6,2,0.48,2020-11-23,2020-12-10
657,85,134,4,1,6.63,2020-11-27,2020-12-23
658,1968,3857,24,11,10.43,2020-11-25,2020-12-02
659,1347,2768,9,8,7.07,2020-10-02,2020-11-29
660,1476,2429,9,6,0.12,2020-12-02,2020-11-27
661,623,2248,6,14,9.90,2020-10-19,2020-11-28
662,720,4230,19,3,2.99,2020-10-04,2020-12-29
663,1741,1493,9,6,5.90,2020-10-22,2020-12-05
664,229,2736,8,1,1.28,2020-11-15,2020-11-30
665,2176,5370,17,10,0.50,2020-12-01,2020-11-30
666,875,1008,19,9,0.58,2020-11-27,2020-12-08
667,978,4348,12,9,2.08,2020-11-11,2020-12-05
668,1313,2054,2,4,2.60,2020-10-11,2020-12-19
669,185,65,9,11,5.86,2020-11-26,2020-12-30
670,2110,170,5,2,6.65,2020-11-16,2020-12-10
671,1501,4409,8,4,1.21,2020-11-15,2020-12-19
672,1131,3584,6,4,5.53,2020-11-30,2021-01-02
673,1323,2049,15,14,13.90,2020-10-06,2020-12-10
674,2420,4784,9,2,1.54,2020-11-20,2020-12-04
675,1229,5643,22,7,0.28,2020-10-14,2020-12-13
676,369,1250,2,4,0.57,2020-11-26,2020-11-27
677,354,4358,21,8,4.03,2020-11-03,2020-12-27
678,2223,4806,1,1,11.02,2020-11-16,2020-12-05
679,1557,1168,21,10,4.58,2020-11-19,2020-12-12
680,1614,4132,22,2,2.26,2020-10-24,2020-12-30
681,351,1079,21,2,6.87,2020-10-02,2020-12-26
682,640,2304,13,4,1.32,2020-10-02,2021-01-01
683,1154,4839,14,3,12.89,2020-10-26,2020-12-18
684,1527,290,1,1,2.80,2020-10-03,2020-12-26
685,1973,2419,1,2,4.64,2020-11-06,2021-01-03
686,1329,5019,19,7,17.99,2020-11-19,2020-12-30
687,2239,1949,2,2,2.64,2020-11-16,2020-12-18
688,252,5165,4,3,5.59,2020-12-06,2020-12-05
689,1608,3862,11,14,4.23,2020-10-25,2020-12-02
690,1123,342,18,1,33.57,2020-10-11,2020-12-13
691,644,2761,12,12,5.33,2020-12-04,2020-12-29
692,1178,4050,8,13,7.29,2020-11-13,2020-12-08
693,98,3611,16,13,7.79,2020-10-18,2020-11-28
694,74,4947,8,4,2.49,2020-11-19,2020-12-03
695,2470,2148,19,12,0.26,2020-10-16,2020-12-20
696,738,2429,20,5,0.42,2020-10-26,2020-12-11
697,682,4921,14,8,6.52,2020-11-12,2020-12-09
698,75,3897,15,4,4.13,2020-10-12,2020-12-13
699,360,4981,21,14,6.21,2020-10-25,2020-12-10
700,914,1511,18,12,1.51,2020-11-06,2020-12-18
701,304,528,10,5,7.20,2020-11-05,2020-12-09
702,1764,686,5,5,1.94,2020-11-08,2020-12-07
703,45,124,13,11,6.12,2020-12-02,2021-01-04
704,2359,1043,25,4,4.40,2020-10-09,2020-12-18
705,1497,264,3,9,8.61,2020-12-03,2020-12-22
706,186,4316,25,1,9.31,2020-10-10,2021-01-04
707,2376,3970,23,14,24.94,2020-10-21,2020-12-30
708,1909,2273,3,6,5.03,2020-11-05,2020-12-20
709,243,3972,5,3,4.23,2020-10-15,2020-12-17
710,2556,654,25,4,0.92,2020-11-15,2020-12-22
711,1805,5449,9,10,6.85,2020-10-06,2020-12-19
712,26,153,25,1,6.18,2020-10-06,2020-12-21
713,2135,4939,23,13,5.06,2020-10-09,2020-12-10
714,279,2139,4,3,0.58,2020-10-09,2020-12-21
715,1503,3965,19,3,6.62,2020-11-01,2020-12-28
716,619,5025,4,6,2.63,2020-10-20,2020-12-12
717,1507,4621,12,9,8.47,2020-10-13,2020-12-30
718,346,295,21,9,14.26,2020-10-29,2020-12-05
719,1411,4724,17,4,8.61,2020-11-08,2020-12-13
720,1241,739,10,4,6.50,2020-11-14,2020-12-20
721,131,2030,18,3,2.28,2020-11-24,2020-12-30
722,748,907,24,13,6.92,2020-11-22,2021-01-04
723,493,2938,11,15,6.05,2020-12-05,2020-12-27
724,235,2879,23,12,2.58,2020-12-03,2020-12-14
725,1461,674,4,1,0.53,2020-10-26,2020-12-27
726,261,5386,6,11,1.62,2020-10-13,2020-12-26
727,1314,2486,8,13,7.30,2020-12-07,2020-12-20
728,2100,1516,23,8,7.12,2020-10-06,2020-12-20
729,1687,3026,23,11,1.61,2020-11-09,2020-12-31
730,413,2933,5,6,6.22,2020-10-25,2020-12-04
731,1998,329,19,2,4.90,2020-10-12,2020-12-24
732,1540,182,12,4,0.66,2020-11-30,2020-12-03
733,939,5212,19,15,2.63,2020-12-05,2020-12-01
734,2472,2651,12,4,3.39,2020-10-02,2020-12-12
735,2205,2720,17,4,4.16,2020-10-16,2020-12-15
736,628,4899,19,11,9.18,2020-10-24,2021-01-02
737,2442,4612,20,2,2.71,2020-10-13,2020-12-06
738,2356,4823,25,6,14.89,2020-10-31,2020-12-14
739,1246,457,15,10,3.68,2020-10-12,2020-11-29
740,1408,3936,24,3,9.06,2020-10-19,2020-12-03
741,436,2465,3,12,5.75,2020-10-03,2020-12-25
742,2509,4356,21,4,8.24,2020-10-07,2020-12-01
743,2586,55,2,15,6.97,2020-10-25,2020-11-30
744,618,386,24,9,12.70,2020-11-19,2020-12-08
745,2528,1700,11,2,0.09,2020-11-02,2020-12-08
746,2252,556,10,3,7.14,2020-11-01,2020-12-27
747,176,4161,23,11,9.05,2020-12-05,2020-12-11
748,1681,3210,25,1,5.76,2020-11-08,2020-12-03
749,713,4592,13,12,11.87,2020-10-17,2020-12-08
750,790,5702,22,3,0.64,2020-10-25,2020-12-10
751,2512,652,4,3,9.88,2020-10-09,2020-12-21
752,1243,5723,17,10,14.05,2020-11-19,2020-12-30
753,1394,3628,20,4,6.63,2020-11-13,2020-12-06
754,159,4184,21,8,4.85,2020-11-04,2020-12-18
755,2170,1821,13,12,2.29,2020-11-02,2020-12-11
756,2020,4898,5,13,27.70,2020-10-17,2020-11-28
757,212,4757,25,2,8.94,2020-11-03,2020-12-21
758,2225,4854,8,14,3.68,2020-10-29,2020-12-29
759,216,247,2,11,9.80,2020-11-15,2020-12-08
760,1654,3651,9,11,13.97,2020-11-27,2020-12-29
761,549,2770,7,9,11.58,2020-12-07,2020-11-28
762,143,5639,3,14,3.15,2020-11-21,2020-12-11
763,2358,5455,4,14,9.93,2020-11-29,2020-12-10
764,982,1846,5,8,2.55,2020-10-07,2020-12-29
765,723,4408,3,1,8.91,2020-11-22,2020-12-02
766,2566,3807,4,1,0.50,2020-11-19,2020-12-05
767,1171,4965,3,9,6.01,2020-10-12,2020-12-25
768,134,2524,21,9,0.56,2020-11-10,2020-12-29
769,403,1718,5,3,1.40,2020-12-05,2020-12-12
770,1556,3973,16,9,9.23,2020-11-09,2020-11-30
771,2198,3451,4,3,0.30,2020-12-02,2020-12-19
772,2051,983,7,13,13.44,2020-10-16,2020-12-09
773,2060,2841,10,4,5.63,2020-10-11,2020-12-01
774,415,4611,16,14,6.12,2020-11-06,2020-12-11
775,2368,4772,25,6,5.13,2020-11-09,2021-01-02
776,466,5651,7,4,1.37,2020-10-08,2021-01-01
777,2259,1215,8,1,6.43,2020-10-06,2020-12-08
778,1600,758,6,2,7.28,2020-12-05,2020-12-12
779,463,2304,17,8,1.54,2020-10-18,2020-12-12
780,109,4280,21,1,4.31,2020-11-25,2020-12-11
781,171,2518,15,10,13.40,2020-10-07,2020-12-28
782,26,5529,17,2,8.68,2020-11-23,2020-12-14
783,2189,3646,22,15,2.62,2020-10-02,2020-12-03
784,858,2347,2,14,3.43,2020-11-08,2020-12-23
785,1212,624,4,8,6.26,2020-11-21,2020-12-28
786,1180,336,10,6,13.26,2020-10-21,2021-01-01
787,2308,3794,2,4,7.80,2020-10-01,2020-12-05
788,523,5562,1,3,6.77,2020-11-03,2020-12-25
789,1120,339,1,12,6.44,2020-12-01,2020-12-08
790,1630,1536,2,15,5.59,2020-10-10,2020-12-19
791,2249,1795,9,13,1.70,2020-11-10,2020-11-30
792,72,5542,14,2,2.88,2020-11-22,2020-12-27
793,194,1812,21,4,8.34,2020-10-26,2020-12-19
794,1192,5506,25,3,4.14,2020-10-04,2020-12-26
795,147,2330,13,2,3.59,2020-10-19,2020-11-28
796,797,3243,1,9,4.90,2020-11-17,2020-12-12
797,2523,4003,25,13,0.48,2020-10-08,2020-12-30
798,1570,1605,5,11,5.69,2020-11-12,2020-11-30
799,92,792,18,3,1.95,2020-11-06,2020-12-07
800,542,4878,11,13,4.04,2020-10-01,2020-12-12
801,1429,3802,1,1,5.34,2020-10-31,2020-12-04
802,556,1829,14,13,7.66,2020-10-17,2020-12-15
803,456,805,5,15,7.57,2020-11-21,2020-12-13
804,668,5155,15,8,4.20,2020-10-21,2020-12-06
805,108,4778,5,7,9.83,2020-11-06,2020-12-28
806,1576,1772,21,4,2.60,2020-10-28,2020-12-11
807,599,348,13,1,5.01,2020-10-04,2020-12-01
808,1683,1236,12,13,7.56,2020-10-26,2020-12-02
809,223,1524,25,1,6.70,2020-11-03,2020-12-22
810,2363,3367,16,13,3.40,2020-10-10,2020-12-30
811,2504,552,15,1,2.45,2020-11-03,2020-12-26
812,64,2927,18,10,1.53,2020-11-01,2020-12-27
813,2242,1701,20,9,1.48,2020-10-10,2021-01-01
814,2217,3918,6,3,5.79,2020-10-06,2020-12-24
815,1380,5750,10,10,22.51,2020-12-02,2020-12-07
816,1972,3447,4,7,1.25,2020-10-21,2020-12-12
817,9,425,7,4,6.62,2020-12-07,2020-12-27
818,2235,2881,2,12,12.56,2020-10-22,2020-12-28
819,1167,2629,16,14,16.75,2020-11-05,2020-12-10
820,2203,155,21,2,1.50,2020-10-14,2020-12-17
821,172,3351,7,13,3.69,2020-11-21,2020-12-04
822,1893,4544,3,7,0.23,2020-11-29,2020-12-30
823,1464,2609,23,11,4.92,2020-10-17,2020-12-04
824,143,4736,13,2,2.79,2020-11-11,2020-12-07
825,771,1106,1,1,4.27,2020-11-17,2020-12-08
826,2477,5383,9,15,7.97,2020-10-27,2020-12-30
827,855,2752,5,5,6.63,2020-10-17,2020-12-13
828,99,5635,19,6,2.63,2020-11-03,2020-12-18
829,1,2223,1,10,7.96,2020-10-25,2020-12-23
830,1274,983,20,7,11.03,2020-10-11,2020-12-03
831,1730,443,25,1,5.35,2020-11-07,2020-12-16
832,1738,5614,24,1,7.00,2020-11-17,2020-12-25
833,1860,5221,11,2,2.57,2020-10-14,2020-12-25
834,565,5623,21,7,3.98,2020-11-20,2021-01-03
835,382,1039,22,14,3.86,2020-11-18,2020-12-03
836,1229,1853,5,1,6.81,2020-11-24,2020-12-20
837,2315,2021,10,6,4.96,2020-10-20,2020-12-14
838,1377,3966,3,4,2.83,2020-10-17,2021-01-03
839,255,3371,17,10,0.33,2020-11-04,2020-12-18
840,2364,2632,22,9,6.91,2020-10-19,2020-12-05
841,1264,4808,25,3,2.08,2020-10-15,2020-12-31
842,1915,2497,4,8,2.41,2020-10-05,2020-12-03
843,1631,1711,15,10,9.89,2020-11-09,2020-12-01
844,472,1793,1,1,1.36,2020-12-06,2020-12-13
845,2038,242,10,2,4.63,2020-10-01,2020-11-30
846,2304,531,23,4,1.70,2020-11-07,2020-12-04
847,2583,2099,17,14,11.84,2020-11-16,2020-12-09
848,2375,3713,16,2,0.31,2020-10-28,2020-12-17
849,390,627,13,2,4.73,2020-11-18,2021-01-03
850,2296,2149,6,3,2.83,2020-11-16,2020-12-07
851,1379,5566,22,1,0.78,2020-12-04,2020-12-23
852,959,2558,18,1,13.55,2020-10-11,2021-01-04
853,2585,5249,3,1,2.79,2020-12-07,2020-12-12
854,1454,5139,4,7,0.03,2020-11-20,2020-12-30
855,1653,3530,12,1,6.76,2020-11-29,2020-12-12
856,922,5721,12,8,1.92,2020-10-16,2021-01-03
857,1315,225,14,10,6.29,2020-11-13,2020-11-27
858,695,4850,1,9,27.05,2020-10-26,2020-12-04
859,618,1113,17,4,1.62,2020-10-01,2020-12-28
860,1774,4623,11,6,1.83,2020-11-06,2020-12-18
861,1747,5683,22,15,10.92,2020-11-23,2020-12-09
862,61,5504,20,14,3.79,2020-12-02,2021-01-01
863,377,2140,3,12,1.50,2020-11-09,2020-12-19
864,864,1018,16,4,2.75,2020-11-10,2020-12-17
865,1964,903,19,13,2.41,2020-10-19,2020-12-20
866,1339,411,3,5,8.04,2020-11-30,2020-12-31
867,2234,2526,17,4,8.07,2020-12-03,2020-12-15
868,1898,5456,21,7,1.77,2020-11-03,2020-12-15
869,292,2569,4,7,1.00,2020-10-31,2020-12-01
870,24,4421,7,9,0.97,2020-11-12,2020-12-13
871,1881,946,23,1,6.19,2020-10-06,2020-12-09
872,1732,831,12,12,4.76,2020-10-15,2020-12-17
873,880,139,25,3,5.26,2020-10-25,2020-12-24
874,663,524,15,12,3.72,2020-11-02,2020-11-27
875,1696,5475,2,7,3.98,2020-10-13,2020-12-05
876,1533,2404,23,1,3.74,2020-10-20,2020-12-02
877,292,4049,20,14,14.47,2020-12-05,2020-11-27
878,1443,1832,17,1,7.77,2020-10-12,2020-12-28
879,1587,3533,18,1,2.81,2020-10-21,2020-12-27
880,1268,2241,2,2,14.34,2020-11-27,2020-12-10
881,2302,5077,6,14,1.55,2020-10-26,2021-01-04
882,1162,1342,6,1,0.04,2020-11-21,2021-01-01
883,1232,4024,23,4,1.17,2020-11-20,2020-12-09
884,1225,1062,9,3,1.10,2020-10-07,2020-12-10
885,297,2181,24,4,0.55,2020-10-11,2020-12-02
886,109,1315,6,2,2.62,2020-11-02,2020-12-28
887,2177,3478,17,6,3.02,2020-12-03,2020-12-18
888,2320,2656,1,9,5.89,2020-12-02,2020-12-26
889,688,2344,3,3,5.73,2020-11-21,2020-12-28
890,807,1253,15,14,9.38,2020-11-18,2020-12-19
891,88,2660,9,10,2.88,2020-10-08,2021-01-03
892,1206,3008,17,9,4.95,2020-10-12,2020-12-07
893,2023,4170,15,3,2.08,2020-11-11,2020-11-30
894,28,2397,19,8,4.01,2020-11-12,2020-12-16
895,1782,2545,16,2,4.72,2020-11-24,2020-12-25
896,295,2547,10,7,6.75,2020-10-06,2020-12-05
897,2226,4149,23,12,3.23,2020-10-05,2021-01-01
898,383,4055,4,2,1.90,2020-11-03,2020-12-15
899,548,5538,17,10,2.48,2020-11-04,2020-12-25
900,541,3667,6,12,5.38,2020-10-06,2020-12-25
901,239,3348,5,8,1.27,2020-10-14,2021-01-02
902,2432,3911,8,10,9.04,2020-10-26,2020-12-19
903,1399,1546,10,6,8.24,2020-10-09,2020-12-18
904,467,4335,4,3,4.86,2020-11-02,2020-12-22
905,2251,2598,19,13,2.55,2020-11-14,2020-12-11
906,866,4303,11,1,0.29,2020-10-02,2020-12-15
907,649,3493,10,5,9.75,2020-10-12,2020-12-07
908,2577,2561,1,13,5.71,2020-10-12,2020-12-24
909,352,305,9,2,3.58,2020-11-22,2020-12-21
910,1739,735,3,3,6.14,2020-11-17,2020-12-21
911,902,5779,13,7,4.08,2020-12-03,2020-12-13
912,547,2714,16,4,4.33,2020-10-15,2021-01-01
913,2135,3262,13,3,3.61,2020-11-20,2020-12-13
914,116,552,5,14,9.29,2020-10-13,2021-01-04
915,2173,5560,12,2,0.40,2020-11-12,2021-01-02
916,696,1092,6,9,5.15,2020-11-15,2020-12-02
917,1555,1710,11,13,0.44,2020-12-06,2020-12-25
918,1751,3667,2,4,2.88,2020-10-12,2021-01-03
919,128,4933,25,4,2.32,2020-10-28,2020-12-18
920,870,2099,12,13,4.85,2020-10-29,2020-12-08
921,2306,4997,4,11,1.94,2020-12-06,2021-01-02
922,281,948,13,11,3.60,2020-10-10,2020-12-11
923,1633,897,17,12,4.33,2020-11-03,2020-12-29
924,1322,4492,13,5,4.64,2020-10-09,2021-01-03
925,173,5782,24,4,2.12,2020-11-30,2020-12-03
926,963,2643,10,3,5.35,2020-10-20,2020-12-11
927,2192,5564,22,11,12.51,2020-10-16,2020-12-22
928,828,5713,21,1,13.91,2020-11-06,2020-12-10
929,1151,997,10,2,4.38,2020-10-13,2020-12-10
930,499,1864,12,8,2.95,2020-11-06,2020-12-28
931,578,3437,12,11,2.67,2020-10-08,2020-12-26
932,2344,4342,6,1,1.64,2020-11-27,2020-12-29
933,222,955,8,10,6.66,2020-11-16,2020-12-29
934,506,1360,7,6,8.13,2020-10-31,2020-12-02
935,185,5536,25,3,1.35,2020-12-05,2020-12-09
936,2396,1448,1,13,2.35,2020-10-06,2020-12-21
937,1478,2200,10,14,5.92,2020-10-31,2020-12-31
938,1376,1958,4,3,3.55,2020-11-25,2020-12-16
939,988,4475,2,8,26.16,2020-11-07,2020-12-22
940,1777,5222,13,5,0.31,2020-10-07,2020-12-05
941,1212,2542,9,5,1.53,2020-11-27,2020-12-05
942,1809,5296,11,14,7.32,2020-11-15,2020-12-14
943,1316,660,11,10,9.36,2020-11-26,2020-12-21
944,470,5359,23,10,6.77,2020-11-21,2020-11-29
945,1448,4397,6,3,5.47,2020-12-06,2020-12-21
946,2022,578,25,15,2.86,2020-11-28,2020-11-27
947,1817,4890,4,1,9.68,2020-11-07,2020-12-13
948,229,365,20,10,4.86,2020-11-24,2020-12-04
949,938,4266,3,10,14.84,2020-11-23,2020-12-21
950,1510,5678,10,1,9.19,2020-12-05,2020-12-31
951,2090,3440,8,3,0.35,2020-11-15,2020-11-28
952,295,788,13,5,5.09,2020-12-05,2020-12-30
953,920,1085,2,6,0.52,2020-11-20,2020-12-20
954,551,5759,9,15,3.31,2020-11-14,2020-12-30
955,1593,1303,16,2,2.11,2020-10-15,2020-12-17
956,1538,3053,10,8,2.38,2020-10-26,2020-12-05
957,405,4268,8,2,2.79,2020-12-03,2021-01-02
958,2479,1551,4,8,0.08,2020-11-14,2020-12-06
959,420,357,9,4,8.68,2020-10-13,2020-12-24
960,1238,3811,21,15,7.90,2020-11-10,2020-12-27
961,1194,3792,10,2,1.35,2020-12-02,2020-11-29
962,365,1020,14,11,6.81,2020-10-24,2020-12-10
963,2185,851,16,3,0.22,2020-10-18,2020-12-08
964,2510,1434,10,14,22.91,2020-11-21,2020-12-17
965,596,1727,19,4,5.40,2020-10-14,2020-12-14
966,315,899,16,7,4.64,2020-10-12,2020-12-28
967,1226,804,1,4,8.00,2020-10-10,2020-12-13
968,2107,1518,24,8,2.69,2020-11-07,2021-01-01
969,1331,1776,7,2,1.09,2020-10-10,2020-12-09
970,1793,5373,5,2,1.30,2020-10-01,2020-12-17
971,1303,999,16,14,2.90,2020-11-03,2020-12-13
972,136,785,24,3,1.41,2020-11-04,2020-12-25
973,1948,2863,17,10,2.92,2020-10-11,2020-11-29
974,1779,620,2,2,14.56,2020-11-30,2020-12-27
975,1489,5041,14,6,7.24,2020-11-26,2020-12-04
976,2292,5461,1,4,3.75,2020-11-04,2020-12-11
977,563,467,3,5,6.46,2020-10-03,2020-12-31
978,1169,662,6,8,1.19,2020-12-03,2020-12-12
979,207,2507,18,1,5.77,2020-12-02,2020-12-29
980,331,5560,15,2,3.53,2020-11-22,2020-12-16
981,2526,290,25,4,1.53,2020-10-06,2020-11-27
982,445,3692,18,7,6.00,2020-11-06,2021-01-02
983,2014,3698,7,13,8.18,2020-11-07,2020-12-28
984,185,3429,14,3,1.92,2020-11-27,2020-12-16
985,1860,2632,4,13,0.07,2020-11-15,2020-11-30
986,2375,267,4,4,5.64,2020-10-08,2020-12-21
987,1749,4214,22,3,14.93,2020-10-21,2020-12-16
988,69,3221,1,7,0.71,2020-12-02,2020-12-28
989,1192,76,10,1,11.53,2020-10-22,2020-12-20
990,69,357,1,3,9.71,2020-10-16,2020-12-31
991,518,4992,24,3,3.25,2020-10-10,2020-12-13
992,78,445,15,13,1.70,2020-11-14,2020-12-28
993,2488,5207,12,11,9.81,2020-11-27,2020-12-05
994,2225,4736,7,11,5.73,2020-11-05,2020-12-28
995,1246,5437,18,1,9.41,2020-10-27,2020-12-26
996,685,1445,18,13,2.70,2020-11-19,2020-12-11
997,917,3226,23,14,3.15,2020-11-18,2020-12-04
998,2495,227,6,10,11.77,2020-11-12,2020-12-07
999,612,3835,19,2,0.97,2020-11-02,2020-11-30
1000,1311,4957,22,9,6.03,2020-12-04,2020-11-28
1001,2041,2004,19,11,4.78,2020-10-20,2020-12-21
1002,526,5322,21,1,5.76,2020-11-03,2021-01-01
1003,1162,368,10,3,2.49,2020-11-25,2020-12-12
1004,361,4648,1,15,13.85,2020-11-12,2020-12-23
1005,1250,5458,12,5,1.47,2020-10-15,2020-12-12
1006,2235,5686,21,4,3.30,2020-11-10,2020-12-08
1007,1259,2305,7,14,1.12,2020-10-13,2021-01-02
1008,1334,1958,2,12,6.22,2020-10-07,2020-12-08
1009,102,5676,24,4,6.58,2020-11-14,2020-12-07
1010,1816,4188,11,3,3.24,2020-11-15,2020-11-27
1011,1851,4278,22,10,6.04,2020-10-28,2020-12-30
1012,2321,2187,3,5,9.23,2020-10-23,2020-11-28
1013,1400,1957,14,2,11.70,2020-11-24,2021-01-03
1014,1152,3865,22,7,5.58,2020-10-05,2020-12-13
1015,1923,4762,6,2,0.77,2020-10-11,2020-12-17
1016,941,5060,19,14,0.75,2020-10-26,2020-12-29
1017,1684,4925,16,15,0.48,2020-10-25,2020-12-03
1018,694,1126,9,10,1.07,2020-11-23,2020-12-21
1019,549,3795,14,8,13.42,2020-10-23,2020-12-10
1020,954,3423,4,15,7.72,2020-10-17,2020-12-03
1021,253,3768,4,10,1.69,2020-11-10,2020-12-07
1022,906,827,5,1,1.55,2020-12-03,2020-12-20
1023,437,1627,8,4,1.03,2020-11-19,2020-12-11
1024,1394,3647,19,9,9.98,2020-11-14,2020-11-27
1025,442,2212,11,4,4.09,2020-11-14,2020-12-18
1026,2298,685,1,7,5.29,2020-11-07,2020-11-29
1027,812,3606,16,10,0.31,2020-12-04,2020-12-16
1028,1668,624,5,10,9.64,2020-11-27,2020-12-25
1029,2554,4060,19,4,0.50,2020-11-11,2020-12-26
1030,1185,2884,8,8,6.08,2020-11-23,2020-12-18
1031,2564,2438,4,1,2.86,2020-11-18,2020-12-24
1032,431,4796,20,6,7.60,2020-12-02,2020-12-30
1033,2142,4916,11,4,0.66,2020-11-08,2020-12-23
1034,966,2120,9,9,11.39,2020-11-18,2020-12-27
1035,1222,5691,18,3,4.16,2020-10-10,2020-12-16
1036,1295,925,15,5,3.55,2020-11-19,2021-01-03
1037,316,2669,20,2,3.53,2020-10-27,2020-12-06
1038,1265,3013,23,5,6.34,2020-11-13,2020-12-16
1039,1611,5181,24,2,0.70,2020-11-20,2021-01-04
1040,497,3681,18,12,8.34,2020-11-30,2020-12-26
1041,635,2027,14,14,1.04,2020-11-14,2021-01-04
1042,1935,1327,1,3,2.54,2020-10-26,2021-01-03
1043,1614,3925,1,7,10.16,2020-10-24,2021-01-02
1044,353,277,14,4,3.89,2020-11-24,2020-12-09
1045,1895,1576,18,6,5.26,2020-10-20,2020-12-31
1046,192,3177,20,3,2.52,2020-10-02,2020-12-11
1047,581,1744,14,10,7.42,2020-10-31,2020-12-19
1048,1533,4334,12,3,5.50,2020-10-13,2020-12-14
1049,1974,3975,18,11,4.71,2020-11-15,2020-12-08
1050,639,3899,19,10,7.14,2020-11-08,2020-12-21
1051,882,3840,21,13,0.03,2020-11-01,2020-12-13
1052,2566,385,24,2,2.79,2020-10-19,2020-11-28
1053,749,1369,5,15,6.78,2020-10-20,2020-12-01
1054,430,1203,25,6,1.97,2020-10-07,2020-12-31
1055,10,5044,18,14,2.45,2020-10-22,2020-11-30
1056,2244,3847,5,6,6.66,2020-11-26,2020-12-23
1057,2508,678,11,7,0.66,2020-10-31,2020-12-12
1058,2426,2908,4,15,9.01,2020-10-28,2020-12-08
1059,1378,2644,14,9,8.21,2020-11-22,2020-12-05
1060,2063,303,19,2,4.94,2020-11-27,2020-12-19
1061,1858,3072,13,6,11.03,2020-10-03,2020-11-28
1062,662,1770,9,4,2.05,2020-10-06,2020-12-25
1063,1741,500,1,3,9.94,2020-10-13,2020-12-22
1064,2065,5349,13,8,6.91,2020-11-29,2020-12-14
1065,453,5040,8,5,3.36,2020-11-05,2020-12-01
1066,2144,1712,7,14,3.31,2020-11-25,2020-12-29
1067,544,434,11,11,23.49,2020-11-13,2020-12-20
1068,2164,4510,11,1,24.68,2020-11-09,2020-12-26
1069,1164,5677,11,14,5.10,2020-10-01,2020-12-14
1070,714,325,22,14,1.57,2020-10-06,2020-12-29
1071,669,1103,9,15,5.67,2020-10-13,2020-12-07
1072,527,2920,6,2,1.20,2020-12-05,2020-12-13
1073,1364,2281,10,1,7.49,2020-11-13,2020-12-23
1074,1841,4322,15,3,0.43,2020-11-13,2020-12-25
1075,2534,2591,22,14,3.61,2020-10-28,2020-12-10
1076,2035,2730,13,3,2.28,2020-11-18,2020-12-05
1077,1211,1261,8,14,1.40,2020-10-08,2020-12-08
1078,2449,2465,4,13,8.27,2020-10-09,2020-12-31
1079,1609,4086,23,3,4.31,2020-11-27,2020-12-08
1080,569,4761,9,13,6.72,2020-10-28,2020-12-02
1081,2319,5774,20,14,13.06,2020-12-02,2020-12-28
1082,686,4983,18,1,3.54,2020-12-01,2020-12-30
1083,1510,405,9,13,1.73,2020-11-01,2020-12-30
1084,2144,2662,5,10,8.51,2020-11-19,2020-12-02
1085,237,309,10,3,2.28,2020-12-04,2020-12-02
1086,1209,4004,7,3,1.21,2020-10-02,2020-12-22
1087,2308,4707,15,13,4.11,2020-11-11,2020-11-27
1088,610,620,10,14,10.79,2020-10-17,2020-12-26
1089,572,2427,20,3,10.22,2020-10-18,2020-12-06
1090,1831,739,8,6,7.99,2020-10-22,2020-11-27
1091,283,1607,5,8,6.48,2020-10-24,2020-12-15
1092,2287,2759,11,6,1.72,2020-11-10,2020-12-07
1093,855,3258,13,4,3.43,2020-12-02,2020-12-24
1094,2314,3653,21,8,4.37,2020-11-10,2020-12-06
1095,164,4471,1,3,7.46,2020-12-05,2020-12-03
1096,2402,565,15,8,22.36,2020-10-24,2020-12-08
1097,971,3637,1,5,14.30,2020-10-16,2020-12-05
1098,1834,4125,23,15,2.32,2020-10-28,2020-12-24
1099,1840,591,11,1,1.34,2020-10-16,2020-12-05
1100,649,290,20,11,2.54,2020-11-16,2021-01-02
1101,2152,2658,9,4,6.45,2020-11-04,2020-12-25
1102,1987,2682,1,15,4.17,2020-11-05,2020-12-04
1103,1166,3812,19,1,2.93,2020-11-23,2020-12-09
1104,2308,988,7,11,4.14,2020-10-03,2020-12-22
1105,1460,1211,8,11,4.68,2020-11-08,2020-12-05
1106,2384,1786,5,8,5.42,2020-10-16,2021-01-03
1107,917,5499,8,9,1.74,2020-10-04,2020-12-23
1108,1165,2455,19,1,1.17,2020-10-29,2021-01-03
1109,2181,119,16,3,4.61,2020-10-15,2020-11-28
1110,1513,2554,18,3,3.14,2020-11-11,2020-12-31
1111,240,5358,21,2,1.72,2020-10-24,2020-12-13
1112,1208,3444,16,4,3.61,2020-11-03,2020-12-12
1113,9,2446,18,6,3.50,2020-10-20,2020-12-11
1114,2063,4550,4,14,2.85,2020-10-20,2020-12-03
1115,85,3199,4,1,2.67,2020-11-13,2020-12-11
1116,1129,498,4,4,6.17,2020-11-16,2020-12-02
1117,2416,2499,22,3,5.02,2020-10-25,2020-12-27
1118,1159,1859,3,2,2.98,2020-10-24,2020-12-23
1119,153,1574,23,11,12.73,2020-11-11,2020-12-15
1120,49,1570,2,5,2.03,2020-10-12,2020-11-29
1121,1920,5280,5,11,9.98,2020-11-22,2021-01-01
1122,414,3268,1,1,1.76,2020-12-05,2020-12-13
1123,230,133,8,14,2.32,2020-11-10,2021-01-03
1124,1474,5342,1,6,0.91,2020-10-10,2020-12-14
1125,2386,3666,22,3,6.65,2020-11-15,2020-12-26
1126,2403,1637,20,2,4.08,2020-10-15,2020-11-27
1127,733,3259,21,11,1.87,2020-10-14,2020-12-27
1128,2303,4876,18,10,0.43,2020-11-07,2020-12-18
1129,1820,3440,10,3,8.53,2020-10-30,2020-12-24
1130,1196,3149,20,1,11.24,2020-12-02,2020-12-29
1131,1164,3368,16,8,5.37,2020-10-31,2020-12-21
1132,172,2188,18,5,1.84,2020-11-10,2020-12-29
1133,2400,4232,2,1,33.16,2020-10-04,2020-12-12
1134,218,4278,5,9,0.58,2020-10-15,2020-12-27
1135,1604,5446,5,9,3.97,2020-11-05,2021-01-03
1136,2553,2602,14,13,9.43,2020-11-15,2020-12-22
1137,907,4892,21,3,2.11,2020-12-02,2020-12-07
1138,357,5189,10,12,4.28,2020-10-03,2020-12-07
1139,2512,5307,18,8,7.30,2020-11-08,2020-11-29
1140,422,2468,15,9,3.24,2020-10-31,2020-12-13
1141,379,2752,22,10,2.42,2020-10-06,2020-12-14
1142,1911,1271,9,2,2.51,2020-11-12,2020-12-06
1143,1213,3049,11,14,0.13,2020-11-18,2020-12-01
1144,51,3259,5,6,8.32,2020-10-10,2020-12-12
1145,2088,723,25,6,9.36,2020-10-08,2020-12-16
1146,1483,390,12,14,0.36,2020-11-03,2020-11-30
1147,2321,433,16,13,5.35,2020-11-01,2020-12-07
1148,2302,4091,22,13,10.14,2020-10-16,2020-12-12
1149,2515,142,9,3,21.31,2020-11-28,2021-01-03
1150,191,3966,17,14,4.61,2020-11-22,2020-12-27
1151,1112,832,3,8,3.17,2020-11-23,2020-12-02
1152,623,2278,5,5,3.53,2020-11-04,2020-12-05
1153,668,3798,12,15,4.66,2020-10-16,2020-12-31
1154,796,831,7,8,11.38,2020-12-06,2020-12-15
1155,1411,1120,24,9,4.46,2020-11-09,2020-12-06
1156,861,4958,23,1,8.48,2020-11-01,2020-12-17
1157,279,4682,14,5,3.72,2020-11-08,2020-12-07
1158,2390,3596,3,2,1.85,2020-11-11,2020-12-28
1159,2062,2951,16,14,1.88,2020-11-17,2020-12-31
1160,1168,4231,23,12,6.39,2020-10-21,2020-12-17
1161,2591,5013,21,3,7.43,2020-12-06,2020-12-23
1162,2231,4474,23,3,12.16,2020-10-31,2020-12-29
1163,231,4397,24,3,9.43,2020-10-03,2020-12-27
1164,1531,5458,2,15,9.23,2020-11-01,2020-12-05
1165,1983,4610,9,15,4.21,2020-11-24,2020-12-23
1166,1524,4156,19,6,4.07,2020-10-18,2020-12-15
1167,1776,3315,1,3,4.64,2020-11-25,2020-12-31
1168,1700,5033,15,9,1.37,2020-11-20,2020-11-30
1169,118,1161,9,15,4.14,2020-11-20,2020-12-10
1170,1876,467,1,5,1.32,2020-12-04,2020-12-20
1171,699,4674,8,11,18.17,2020-10-23,2021-01-01
1172,1374,4148,21,1,5.84,2020-10-17,2020-12-28
1173,2497,4693,2,1,2.31,2020-11-15,2020-12-06
1174,345,1697,21,2,8.34,2020-10-12,2021-01-01
1175,363,1247,8,1,9.04,2020-11-21,2020-12-03
1176,116,5155,7,3,7.81,2020-11-28,2020-12-27
1177,1214,3860,21,7,1.37,2020-10-02,2020-12-27
1178,480,1330,23,10,7.74,2020-11-08,2020-12-06
1179,61,3998,3,5,3.63,2020-11-16,2021-01-01
1180,1907,4988,13,4,8.16,2020-10-06,2021-01-03
1181,314,3186,25,3,2.00,2020-11-07,2020-12-23
1182,1423,4934,13,9,2.44,2020-11-25,2020-12-29
1183,1640,2804,4,3,6.25,2020-11-22,2020-12-19
1184,1869,817,18,9,0.92,2020-11-17,2021-01-04
1185,41,3546,17,11,4.07,2020-10-24,2020-11-27
1186,2481,811,5,2,14.00,2020-11-07,2020-12-03
1187,2489,3236,25,6,0.57,2020-11-30,2020-12-29
1188,1327,3735,4,3,9.20,2020-11-17,2020-12-02
1189,2049,2232,11,13,5.00,2020-10-03,2020-12-28
1190,1554,3227,7,2,0.97,2020-12-04,2020-12-12
1191,124,424,1,5,5.19,2020-11-09,2021-01-02
1192,2037,5371,25,13,32.38,2020-12-01,2020-12-20
1193,1617,3004,23,1,7.27,2020-11-27,2020-12-13
1194,1812,2827,12,2,6.97,2020-11-12,2020-12-16
1195,348,842,1,1,1.62,2020-11-24,2020-12-21
1196,259,460,11,15,0.30,2020-11-01,2020-12-17
1197,1135,3549,10,13,1.35,2020-11-13,2020-12-30
1198,1474,1386,5,9,5.88,2020-10-31,2020-12-17
1199,1810,1960,23,11,10.24,2020-11-17,2020-11-27
1200,2570,2631,5,4,6.37,2020-11-28,2020-12-25
1201,1463,2490,15,4,5.06,2020-11-09,2020-12-01
1202,1453,4263,21,1,6.36,2020-10-12,2020-12-14
1203,2159,5787,16,5,4.93,2020-11-16,2020-12-21
1204,731,3369,22,6,2.79,2020-10-03,2020-12-14
1205,2487,688,16,10,2.49,2020-10-27,2020-12-22
1206,849,1424,9,3,6.90,2020-10-26,2020-12-28
1207,608,2119,21,2,4.46,2020-12-03,2020-12-21
1208,2495,988,5,13,3.23,2020-12-05,2020-12-17
1209,2476,2128,15,15,6.08,2020-11-08,2020-12-12
1210,1375,116,24,6,1.04,2020-11-25,2020-12-22
1211,357,1538,24,15,3.87,2020-10-06,2020-12-16
1212,2163,1263,14,4,0.28,2020-11-22,2020-12-30
1213,764,2997,9,4,0.67,2020-10-20,2020-12-25
1214,106,4455,21,15,1.07,2020-10-11,2020-12-10
1215,1167,2905,9,9,2.00,2020-12-07,2020-12-18
1216,2259,5643,3,10,6.33,2020-11-13,2021-01-01
1217,2266,2974,7,2,7.25,2020-11-28,2020-11-28
1218,2004,1718,12,11,3.33,2020-10-25,2020-12-23
1219,1216,429,23,6,9.52,2020-10-02,2020-12-22
1220,2433,2239,7,9,1.25,2020-10-15,2021-01-03
1221,2454,3805,24,3,5.28,2020-10-11,2020-12-21
1222,364,5646,6,13,1.78,2020-10-28,2020-12-21
1223,1130,3367,11,4,8.38,2020-11-25,2020-12-29
1224,1888,501,25,9,7.43,2020-11-04,2020-12-01
1225,510,5437,6,5,2.42,2020-11-08,2020-12-28
1226,559,2206,20,1,9.65,2020-10-30,2020-12-28
1227,1363,5302,10,5,7.67,2020-10-03,2021-01-01
1228,2016,2019,20,8,6.33,2020-10-19,2020-12-08
1229,1229,896,22,2,3.36,2020-10-18,2020-12-27
1230,424,4028,15,3,3.48,2020-10-26,2021-01-01
1231,2519,1244,24,14,29.34,2020-11-30,2020-12-03
1232,63,3399,6,3,2.00,2020-11-13,2021-01-02
1233,473,1001,13,4,3.23,2020-10-14,2020-12-25
1234,1132,4454,5,13,4.42,2020-12-02,2020-12-25
1235,1646,5099,12,2,1.50,2020-10-06,2020-12-25
1236,470,2779,16,1,5.29,2020-11-15,2021-01-03
1237,2107,5632,6,8,2.34,2020-12-01,2020-12-19
1238,286,468,20,9,0.11,2020-11-20,2021-01-03
1239,2317,5658,22,5,2.81,2020-10-15,2020-12-19
1240,1683,1098,20,11,7.77,2020-12-01,2020-12-08
1241,2030,822,4,12,0.39,2020-10-05,2020-12-12
1242,2280,2880,4,5,6.94,2020-10-23,2021-01-01
1243,1829,1798,9,1,1.74,2020-11-16,2020-12-01
1244,517,5643,17,2,0.19,2020-11-13,2020-12-27
1245,970,4140,2,2,5.98,2020-10-16,2020-12-16
1246,480,1058,4,10,2.24,2020-11-13,2021-01-02
1247,1432,2828,20,7,2.50,2020-11-15,2021-01-02
1248,364,4294,9,7,5.69,2020-10-28,2020-12-20
1249,1180,2051,1,8,0.84,2020-10-25,2020-12-30
1250,116,987,14,9,3.56,2020-10-26,2020-12-24
1251,225,2167,17,7,4.96,2020-11-05,2020-12-02
1252,1389,166,22,15,4.54,2020-10-23,2020-12-01
1253,2401,3129,3,3,9.97,2020-10-07,2021-01-04
1254,2242,3541,18,1,3.46,2020-12-04,2020-12-01
1255,963,4790,20,12,3.33,2020-11-01,2020-12-08
1256,2178,160,24,2,0.55,2020-10-05,2020-12-29
1257,358,126,12,9,5.36,2020-12-03,2020-12-16
1258,1513,3763,12,4,5.45,2020-10-21,2020-11-27
1259,389,5133,3,15,0.46,2020-10-06,2020-12-29
1260,1763,880,11,8,9.58,2020-10-15,2020-12-06
1261,371,2738,11,6,0.68,2020-10-09,2020-12-08
1262,84,1944,10,11,7.60,2020-11-28,2020-11-28
1263,1575,3457,4,5,0.87,2020-11-09,2020-12-18
1264,1386,4418,23,7,9.35,2020-10-21,2020-11-28
1265,1274,1560,9,3,6.64,2020-11-04,2020-12-12
1266,537,3010,1,5,1.77,2020-11-19,2021-01-02
1267,2350,4890,5,6,5.12,2020-11-10,2020-12-04
1268,1353,328,18,1,4.47,2020-11-12,2020-12-25
1269,481,4470,6,9,3.91,2020-11-03,2020-12-09
1270,1204,2860,5,7,0.82,2020-10-15,2020-12-31
1271,891,1706,11,3,4.82,2020-11-04,2020-12-10
1272,287,5796,6,8,4.02,2020-12-02,2020-12-02
1273,63,3566,16,3,2.88,2020-11-01,2020-12-03
1274,652,3558,10,12,1.54,2020-10-06,2020-12-24
1275,1786,3519,14,3,0.94,2020-11-23,2021-01-02
1276,1715,1234,10,4,7.39,2020-10-02,2020-12-11
1277,953,973,19,10,8.56,2020-10-01,2020-12-27
1278,61,2189,10,8,5.75,2020-10-23,2020-12-06
1279,384,4786,13,3,1.14,2020-12-02,2020-12-18
1280,1242,3217,15,2,10.36,2020-12-03,2021-01-04
1281,847,5733,22,7,2.67,2020-12-06,2021-01-03
1282,392,1994,25,15,0.26,2020-11-07,2020-12-31
1283,717,3153,17,9,3.13,2020-10-02,2021-01-01
1284,1112,5512,12,15,12.45,2020-12-06,2020-12-10
1285,523,2323,17,14,1.57,2020-11-01,2020-12-21
1286,248,2681,6,4,2.44,2020-12-02,2020-11-29
1287,52,2341,2,12,0.91,2020-11-09,2020-12-12
1288,103,2438,11,3,3.97,2020-10-27,2020-12-31
1289,1828,2113,10,3,1.68,2020-11-21,2020-12-18
1290,1348,3652,23,4,0.96,2020-10-05,2020-12-14
1291,62,5585,6,13,5.98,2020-10-20,2020-11-28
1292,1539,5225,19,3,4.57,2020-11-14,2021-01-01
1293,2109,5420,17,11,1.68,2020-11-04,2020-12-24
1294,1640,4835,5,6,0.45,2020-10-22,2020-12-27
1295,523,5510,4,4,5.55,2020-11-25,2020-12-20
1296,2470,1459,7,10,4.16,2020-11-03,2020-12-10
1297,831,2654,15,3,0.01,2020-10-15,2020-11-29
1298,298,1830,19,7,5.87,2020-11-03,2020-12-30
1299,875,2021,6,3,6.33,2020-12-05,2020-12-15
1300,1567,5295,18,10,4.92,2020-12-05,2021-01-03
1301,321,4312,9,3,8.74,2020-12-01,2020-12-14
1302,552,1528,9,1,10.79,2020-11-10,2020-11-29
1303,241,896,24,2,7.00,2020-10-19,2020-12-30
1304,848,3564,2,3,8.63,2020-11-05,2020-12-19
1305,1157,5571,19,1,0.60,2020-12-05,2020-12-25
1306,233,5317,4,1,2.65,2020-10-23,2020-12-18
1307,2429,5596,16,1,1.31,2020-11-19,2021-01-04
1308,290,2545,23,11,6.90,2020-10-03,2020-12-09
1309,2213,4077,15,11,6.29,2020-11-03,2020-12-20
1310,945,4765,2,13,2.74,2020-11-25,2020-12-20
1311,2329,3259,24,4,3.97,2020-11-08,2020-12-09
1312,2553,4516,3,14,5.86,2020-11-21,2020-12-15
1313,1853,2277,14,10,1.59,2020-10-26,2020-12-15
1314,724,3095,1,1,3.15,2020-11-03,2020-12-07
1315,1930,1456,16,12,8.93,2020-10-23,2020-12-18
1316,1197,934,9,7,7.18,2020-10-07,2020-12-23
1317,2552,4493,23,10,12.74,2020-10-13,2020-12-21
1318,404,4647,19,2,12.82,2020-10-20,2020-12-25
1319,1177,1433,5,13,1.10,2020-12-03,2020-12-25
1320,240,1602,17,4,14.54,2020-11-29,2020-12-25
1321,2473,3139,24,2,3.83,2020-10-28,2020-12-08
1322,1196,4102,2,7,3.11,2020-11-24,2020-12-10
1323,2334,1637,16,9,26.43,2020-10-27,2020-12-14
1324,2286,492,5,3,1.23,2020-10-12,2020-12-24
1325,2545,5798,19,4,5.60,2020-11-19,2020-12-01
1326,110,5358,22,2,6.38,2020-12-07,2020-12-10
1327,1828,2332,14,3,1.29,2020-12-06,2020-12-30
1328,2419,1181,8,2,7.64,2020-11-04,2020-12-09
1329,1981,301,14,15,5.73,2020-11-27,2020-12-18
1330,2157,307,1,10,6.24,2020-11-01,2020-12-24
1331,681,3695,19,1,2.51,2020-10-04,2020-12-31
1332,1453,22,4,2,7.91,2020-11-28,2020-12-10
1333,1525,349,20,1,3.18,2020-11-01,2020-12-10
1334,536,4422,5,4,2.76,2020-12-04,2020-12-06
1335,1255,3686,21,1,1.98,2020-10-06,2020-12-19
1336,2171,1981,4,12,7.99,2020-10-13,2021-01-01
1337,19,915,15,9,0.63,2020-12-06,2020-12-31
1338,237,3477,20,14,2.02,2020-11-06,2020-12-20
1339,971,1821,7,13,10.21,2020-10-26,2020-12-09
1340,1989,2536,15,15,14.78,2020-11-18,2020-12-08
1341,1748,1666,2,10,6.63,2020-10-18,2020-12-07
1342,2562,5492,10,13,6.72,2020-11-05,2020-12-29
1343,1489,5065,2,15,2.29,2020-10-29,2020-12-22
1344,2409,5623,4,12,6.69,2020-11-30,2020-11-29
1345,243,3652,25,4,2.53,2020-10-12,2020-12-06
1346,1879,244,21,14,34.11,2020-10-05,2020-12-22
1347,1329,4664,1,6,3.18,2020-11-02,2020-12-06
1348,702,3694,3,11,27.93,2020-11-05,2020-12-16
1349,1757,3415,2,1,1.96,2020-10-26,2020-12-16
1350,1060,5215,14,10,7.73,2020-12-07,2020-11-30
1351,2298,749,13,13,5.13,2020-11-13,2020-12-03
1352,978,2077,20,3,11.18,2020-11-29,2020-12-15
1353,501,599,12,6,3.88,2020-10-04,2020-12-10
1354,1820,2670,13,2,5.77,2020-12-04,2020-12-17
1355,1821,1065,21,14,4.71,2020-10-17,2020-12-19
1356,421,285,22,15,6.70,2020-11-30,2020-12-05
1357,1653,1089,6,2,9.47,2020-10-09,2020-11-29
1358,2013,1785,25,2,11.05,2020-10-11,2021-01-03
1359,2445,4903,1,13,0.40,2020-12-07,2020-12-01
1360,2252,2315,24,15,6.20,2020-11-13,2020-12-12
1361,326,1843,4,12,10.61,2020-11-26,2020-12-06
1362,2164,93,19,4,4.30,2020-10-02,2020-12-07
1363,479,5570,7,1,7.74,2020-10-26,2020-12-25
1364,359,672,5,2,7.28,2020-11-14,2020-12-01
1365,1522,4489,8,8,1.23,2020-10-10,2020-12-05
1366,848,5514,2,2,6.23,2020-12-04,2020-12-23
1367,2376,1751,11,4,0.06,2020-12-01,2020-12-08
1368,1454,886,9,6,3.54,2020-10-08,2020-12-22
1369,740,1448,11,7,13.12,2020-10-17,2020-12-30
1370,2381,3503,14,2,1.62,2020-11-25,2020-12-19
1371,105,2364,5,2,5.02,2020-11-24,2020-12-27
1372,1456,2632,4,6,4.74,2020-11-17,2020-12-21
1373,310,1822,19,8,3.98,2020-10-24,2020-12-25
1374,1973,4792,7,7,2.16,2020-11-04,2020-12-09
1375,330,130,10,4,1.86,2020-11-18,2020-12-01
1376,1895,1959,23,9,14.15,2020-10-19,2020-11-30
1377,1258,5656,5,1,0.74,2020-10-20,2020-12-19
1378,1276,4400,25,4,6.33,2020-11-03,2020-12-14
1379,1163,173,3,11,5.77,2020-10-11,2020-12-16
1380,1254,4276,23,12,1.36,2020-11-16,2020-12-19
1381,778,4696,13,9,14.77,2020-10-25,2020-12-15
1382,27,889,22,2,8.31,2020-11-21,2020-11-29
1383,1590,755,3,5,0.56,2020-11-09,2021-01-04
1384,1549,1566,5,9,3.80,2020-10-06,2020-12-18
1385,1681,5137,17,1,1.93,2020-11-09,2020-12-01
1386,673,4038,25,2,1.35,2020-10-26,2021-01-01
1387,2068,1827,20,2,0.51,2020-11-08,2020-12-31
1388,630,767,9,1,0.46,2020-12-07,2020-12-31
1389,56,4831,5,9,4.91,2020-10-10,2020-12-22
1390,986,2423,19,3,2.60,2020-12-05,2020-12-16
1391,1732,4964,20,3,2.71,2020-10-07,2020-12-27
1392,633,2974,15,9,6.78,2020-11-15,2020-12-07
1393,1806,5149,10,12,9.27,2020-10-26,2020-12-21
1394,718,777,19,2,3.08,2020-10-03,2020-12-27
1395,144,5768,8,15,1.21,2020-10-18,2021-01-02
1396,2003,3472,4,2,5.53,2020-11-19,2020-12-05
1397,475,2495,4,3,12.18,2020-10-18,2020-12-01
1398,444,3630,23,13,8.48,2020-12-01,2021-01-02
1399,2329,5660,1,3,6.72,2020-12-02,2020-12-29
1400,592,2215,21,9,2.52,2020-11-08,2020-12-13
1401,1628,1979,7,1,2.02,2020-10-24,2020-11-27
1402,2439,4867,18,10,10.38,2020-11-12,2020-12-21
1403,1724,834,11,1,1.43,2020-12-03,2020-12-05
1404,1911,5760,18,13,3.71,2020-10-09,2020-12-20
1405,1359,4421,8,3,9.24,2020-10-04,2020-12-22
1406,731,4647,23,4,0.40,2020-11-03,2020-12-03
1407,2143,5531,4,2,0.47,2020-11-01,2020-12-02
1408,1249,4659,20,2,9.21,2020-10-29,2020-12-13
1409,1418,2688,4,9,5.30,2020-11-02,2020-12-27
1410,1763,1307,13,9,9.37,2020-12-07,2020-12-08
1411,993,4201,4,9,4.27,2020-11-08,2021-01-01
1412,1134,1639,19,5,8.62,2020-10-19,2020-11-29
1413,1495,1764,9,15,13.22,2020-11-26,2020-12-24
1414,1113,3250,4,1,0.23,2020-10-07,2020-12-25
1415,2472,5484,1,2,7.45,2020-10-06,2020-12-30
1416,192,1145,20,9,1.90,2020-11-13,2020-12-25
1417,963,2744,11,1,3.70,2020-11-01,2020-12-11
1418,1760,2282,9,3,1.70,2020-10-27,2020-12-13
1419,923,838,10,9,4.24,2020-11-08,2020-12-08
1420,2476,2363,11,4,0.61,2020-11-07,2020-12-04
1421,1957,4266,1,4,5.63,2020-11-01,2020-11-29
1422,2190,1832,9,4,8.66,2020-12-05,2020-12-05
1423,1390,570,10,9,28.95,2020-10-11,2020-12-28
1424,807,4336,18,4,0.12,2020-10-23,2020-12-04
1425,2588,1806,4,4,1.78,2020-10-21,2020-12-11
1426,46,2290,10,4,1.97,2020-11-17,2020-12-30
1427,2055,2076,16,3,14.50,2020-11-14,2020-12-22
1428,1592,133,4,4,2.37,2020-11-26,2020-12-06
1429,1661,5125,1,11,3.85,2020-10-13,2020-12-08
1430,1297,4472,18,8,1.63,2020-10-03,2020-12-08
1431,860,4266,17,7,3.33,2020-11-20,2020-12-15
1432,1391,1605,15,2,1.29,2020-12-06,2020-12-12
1433,2353,106,24,7,5.03,2020-10-06,2020-12-18
1434,1448,4269,9,10,5.40,2020-10-11,2020-11-30
1435,1356,2955,23,15,4.96,2020-10-08,2020-12-25
1436,681,3194,22,1,8.01,2020-10-05,2020-11-27
1437,2228,3754,14,1,11.62,2020-10-15,2020-12-07
1438,1901,4937,19,6,0.48,2020-11-27,2020-12-14
1439,349,1039,16,12,6.94,2020-11-18,2020-12-08
1440,1223,3631,16,7,3.73,2020-11-02,2021-01-04
1441,214,3361,19,6,7.33,2020-11-23,2020-11-27
1442,1915,691,13,11,6.78,2020-10-25,2020-12-14
1443,2583,5040,15,4,2.88,2020-10-13,2020-12-08
1444,1177,2017,6,1,4.17,2020-10-04,2020-11-30
1445,1183,445,5,11,2.63,2020-10-14,2020-12-04
1446,701,1661,17,14,2.58,2020-11-25,2020-12-09
1447,2163,2143,21,8,5.84,2020-10-09,2020-12-24
1448,1573,1975,6,1,0.91,2020-11-22,2020-12-20
1449,554,5543,12,1,5.42,2020-12-03,2020-12-03
1450,2001,4729,3,9,5.63,2020-11-09,2020-12-26
1451,1736,894,4,1,8.81,2020-11-14,2020-12-26
1452,1992,2502,19,3,2.63,2020-11-19,2020-12-09
1453,507,1893,17,1,9.27,2020-10-17,2020-12-09
1454,1351,1249,11,10,4.64,2020-10-16,2020-11-30
1455,1417,5670,8,11,9.64,2020-10-11,2020-12-13
1456,1210,2164,2,3,4.88,2020-12-05,2020-12-25
1457,1323,4174,1,10,7.37,2020-10-01,2020-12-21
1458,1384,3255,5,3,5.26,2020-11-12,2020-12-26
1459,2487,5714,13,14,9.92,2020-11-08,2020-12-05
1460,1448,1890,23,1,5.87,2020-11-02,2020-12-09
1461,1977,830,2,9,4.75,2020-10-31,2020-12-18
1462,1982,4975,20,7,4.65,2020-11-16,2020-12-04
1463,2335,894,20,5,1.77,2020-10-18,2020-12-05
1464,1366,5316,16,2,3.99,2020-10-22,2020-11-29
1465,2533,2546,20,10,7.21,2020-11-15,2020-12-11
1466,2092,5442,9,1,32.96,2020-11-04,2020-12-17
1467,207,2218,3,3,6.61,2020-11-09,2020-12-01
1468,1394,678,25,2,3.05,2020-11-25,2020-12-14
1469,37,324,19,3,3.13,2020-11-13,2020-12-18
1470,392,4959,5,2,2.32,2020-10-22,2020-12-13
1471,216,5409,24,4,3.84,2020-11-03,2020-12-10
1472,356,3244,12,7,13.64,2020-10-06,2020-12-18
1473,655,2298,24,2,5.86,2020-10-12,2020-11-30
1474,1785,3241,8,15,15.52,2020-10-26,2020-11-28
1475,106,2918,8,12,1.95,2020-11-08,2020-12-11
1476,1445,2814,22,4,5.13,2020-11-30,2020-12-17
1477,110,4147,10,4,2.77,2020-11-26,2020-12-06
1478,1357,4743,10,14,0.51,2020-11-22,2020-11-27
1479,2263,2659,9,6,1.18,2020-11-06,2021-01-01
1480,2459,1899,4,1,0.15,2020-11-10,2020-12-09
1481,1834,3851,1,6,34.50,2020-11-24,2020-12-15
1482,2582,996,20,5,2.23,2020-10-09,2021-01-04
1483,743,3270,3,7,12.09,2020-11-08,2020-12-04
1484,398,3587,25,5,2.63,2020-12-06,2020-12-23
1485,2337,4112,3,3,0.14,2020-11-17,2020-12-22
1486,2178,4186,17,6,7.34,2020-11-23,2020-12-10
1487,2281,2470,14,15,1.38,2020-11-03,2020-12-16
1488,1433,4533,5,15,6.06,2020-10-07,2020-12-18
1489,2212,3998,20,2,3.36,2020-10-29,2020-12-12
1490,113,3204,11,6,5.44,2020-10-06,2020-12-16
1491,2083,1533,20,6,30.40,2020-10-03,2020-12-19
1492,1631,2743,11,13,8.15,2020-12-01,2020-12-13
1493,2045,563,4,11,0.27,2020-10-08,2020-12-06
1494,312,4859,4,11,4.71,2020-10-02,2020-12-07
1495,1773,1900,18,10,3.54,2020-10-26,2021-01-01
1496,2469,1858,1,13,0.98,2020-12-07,2020-11-30
1497,2544,841,11,10,4.34,2020-10-28,2020-12-15
1498,130,3646,21,2,2.85,2020-11-30,2020-12-17
1499,1854,2865,20,7,2.54,2020-10-31,2020-12-30
1500,1836,5061,1,4,1.65,2020-10-19,2020-12-14
1501,1259,2874,13,2,6.93,2020-11-30,2020-11-28
1502,2357,2049,5,5,7.19,2020-12-01,2020-12-28
1503,2156,5409,20,14,2.57,2020-11-23,2020-12-18
1504,526,2294,7,8,9.86,2020-10-04,2020-12-10
1505,54,4167,10,5,2.69,2020-11-18,2020-12-15
1506,447,193,19,11,2.18,2020-11-10,2020-12-28
1507,1180,423,19,1,4.20,2020-10-10,2020-12-14
1508,2450,602,9,2,5.22,2020-11-22,2020-12-11
1509,181,2664,24,12,13.70,2020-11-06,2020-12-19
1510,283,3043,3,1,9.93,2020-12-04,2020-12-20
1511,1837,5765,17,4,0.12,2020-11-29,2021-01-01
1512,22,4016,23,10,6.38,2020-10-28,2020-12-11
1513,765,4296,20,14,2.59,2020-11-16,2020-12-31
1514,1207,4934,8,4,5.26,2020-10-04,2020-12-13
1515,1193,3652,8,11,5.90,2020-11-02,2020-12-12
1516,353,4125,15,10,0.05,2020-11-09,2020-12-02
1517,55,1984,2,4,0.11,2020-12-05,2020-12-18
1518,353,3592,10,12,5.18,2020-10-06,2021-01-01
1519,1833,3923,23,11,13.34,2020-10-04,2020-12-10
1520,278,4981,15,8,3.51,2020-10-05,2020-12-19
1521,2233,4552,6,10,7.76,2020-10-28,2021-01-02
1522,2509,4843,11,11,1.43,2020-10-27,2020-12-03
1523,1678,5223,11,12,10.39,2020-10-01,2020-12-09
1524,363,371,20,10,12.18,2020-12-07,2021-01-03
1525,1688,4357,6,1,5.23,2020-10-17,2021-01-04
1526,1621,3755,22,10,0.04,2020-11-18,2020-12-18
1527,1598,5650,19,5,5.87,2020-10-12,2020-12-26
1528,1346,4559,14,3,9.06,2020-10-10,2020-12-27
1529,627,5758,6,11,12.19,2020-10-01,2020-12-19
1530,307,429,13,9,8.25,2020-10-23,2020-12-09
1531,76,5148,22,1,0.44,2020-11-08,2020-12-30
1532,1623,4438,15,2,3.00,2020-10-27,2020-12-15
1533,2512,4522,12,1,1.12,2020-11-07,2020-12-08
1534,449,486,18,5,5.28,2020-11-06,2020-12-25
1535,1228,1592,24,9,2.55,2020-11-15,2020-12-29
1536,1139,4526,3,3,4.41,2020-11-01,2020-12-26
1537,1745,148,14,2,9.40,2020-10-26,2021-01-02
1538,1598,4944,4,10,2.41,2020-11-20,2020-12-27
1539,1975,989,9,2,2.30,2020-11-08,2020-12-22
1540,1917,1971,3,13,9.46,2020-10-04,2021-01-01
1541,419,3413,22,2,2.45,2020-10-31,2020-12-31
1542,552,3406,19,11,10.72,2020-12-04,2020-11-29
1543,1741,3378,14,6,5.15,2020-11-03,2021-01-03
1544,2110,1993,10,9,2.05,2020-11-15,2020-12-18
1545,916,1909,5,2,24.00,2020-11-28,2021-01-02
1546,277,3881,5,9,2.64,2020-11-14,2020-12-02
1547,44,2925,24,12,6.45,2020-10-12,2020-11-27
1548,968,2070,21,1,2.09,2020-10-07,2020-12-15
1549,527,2462,21,9,10.43,2020-11-24,2020-12-26
1550,2137,478,19,8,11.07,2020-10-13,2020-12-15
1551,1963,4807,13,3,12.58,2020-10-04,2020-12-29
1552,2410,4111,10,13,1.56,2020-10-13,2021-01-02
1553,348,1101,18,1,4.98,2020-12-01,2020-12-16
1554,2431,2457,21,4,8.37,2020-11-01,2021-01-04
1555,472,3796,18,1,4.31,2020-11-16,2020-12-24
1556,1186,4627,2,13,8.50,2020-10-28,2020-12-11
1557,2295,4319,22,2,0.07,2020-11-04,2020-12-30
1558,2405,1321,18,5,9.25,2020-11-06,2020-12-06
1559,2106,2276,16,7,0.80,2020-10-06,2020-12-24
1560,2216,3178,18,13,13.06,2020-10-18,2020-12-06
1561,2039,2130,17,3,2.54,2020-11-30,2020-12-30
1562,2125,5513,16,14,14.23,2020-12-07,2020-12-05
1563,1469,2522,20,2,3.50,2020-10-24,2020-12-26
1564,1288,3074,16,1,0.03,2020-11-10,2020-12-16
1565,379,807,22,9,4.93,2020-12-07,2020-12-25
1566,2486,3074,15,4,1.89,2020-10-21,2021-01-04
1567,1605,5170,4,12,3.91,2020-11-25,2020-12-26
1568,1755,3890,3,3,1.37,2020-10-10,2020-12-15
1569,1331,4310,3,5,0.09,2020-12-01,2020-12-21
1570,797,316,18,12,6.97,2020-11-14,2020-12-23
1571,2106,3555,4,3,0.43,2020-12-07,2020-12-16
1572,1352,4449,11,1,2.36,2020-12-06,2020-12-11
1573,751,5748,17,9,4.73,2020-10-28,2020-12-25
1574,1522,273,8,11,5.88,2020-11-20,2020-12-30
1575,2533,2417,24,7,26.04,2020-11-29,2020-12-01
1576,2431,1140,21,9,1.46,2020-11-17,2020-12-13
1577,1179,4294,15,8,1.16,2020-11-21,2020-12-24
1578,1299,5689,5,11,0.48,2020-10-07,2020-12-23
1579,1538,4203,2,12,3.68,2020-12-06,2020-12-23
1580,2157,5546,5,3,7.38,2020-10-26,2020-12-06
1581,1392,5128,23,9,0.17,2020-10-10,2020-12-01
1582,2109,3702,4,3,0.66,2020-12-01,2020-12-08
1583,221,4380,1,6,4.62,2020-10-11,2020-12-19
1584,269,1686,10,14,10.26,2020-11-01,2020-12-30
1585,988,4076,15,1,4.42,2020-12-04,2020-12-27
1586,598,5195,3,3,1.15,2020-10-13,2020-12-23
1587,141,3764,20,2,1.69,2020-11-11,2020-12-15
1588,1389,2594,5,2,0.68,2020-10-12,2020-12-09
1589,1917,4117,5,1,9.90,2020-11-16,2021-01-03
1590,191,1935,10,3,5.03,2020-10-18,2020-12-11
1591,1969,1099,22,15,4.60,2020-11-14,2020-12-17
1592,1184,2305,2,9,9.24,2020-11-11,2020-12-27
1593,498,2046,9,14,9.30,2020-11-01,2020-12-01
1594,256,5086,15,9,0.63,2020-11-22,2020-12-17
1595,74,5192,2,3,2.25,2020-12-06,2020-12-23
1596,532,1710,4,2,5.78,2020-10-08,2020-12-23
1597,1977,4574,12,8,6.72,2020-11-07,2020-12-16
1598,1765,3283,3,4,6.21,2020-12-06,2021-01-03
1599,1434,313,3,4,0.94,2020-10-19,2020-12-25
1600,57,190,12,8,14.95,2020-10-30,2020-12-13
1601,2566,2743,10,9,4.20,2020-10-09,2020-12-25
1602,605,2059,3,10,1.47,2020-11-05,2020-12-16
1603,67,1605,16,12,4.28,2020-10-24,2020-12-31
1604,276,4403,18,6,2.84,2020-10-04,2021-01-02
1605,2067,4670,20,12,4.29,2020-10-22,2020-12-07
1606,659,4164,21,9,8.78,2020-10-09,2020-12-28
1607,1330,3431,7,7,9.42,2020-10-08,2020-12-30
1608,174,1105,21,2,7.37,2020-10-06,2020-11-28
1609,2428,294,25,4,14.11,2020-10-22,2020-12-23
1610,2530,2064,24,15,8.04,2020-12-07,2020-12-22
1611,2294,1538,1,14,1.77,2020-11-29,2020-12-08
1612,1703,145,13,2,2.25,2020-10-18,2020-12-13
1613,2047,1632,16,14,3.70,2020-11-04,2020-12-10
1614,2437,4091,17,9,1.44,2020-12-07,2020-12-01
1615,1675,2797,7,5,7.95,2020-11-30,2020-12-06
1616,2303,1947,7,8,0.65,2020-10-20,2020-12-07
1617,1439,4088,5,5,8.80,2020-11-17,2020-12-02
1618,1229,5565,4,7,11.10,2020-11-09,2020-12-04
1619,562,360,14,14,9.27,2020-10-26,2021-01-04
1620,2062,1796,12,15,24.53,2020-10-23,2020-12-04
1621,976,3409,6,15,3.56,2020-10-16,2020-12-26
1622,1483,337,11,9,4.00,2020-10-30,2020-12-26
1623,1931,5309,10,12,12.08,2020-11-19,2020-12-27
1624,873,5290,10,8,1.14,2020-11-22,2020-12-17
1625,894,579,7,4,0.42,2020-11-30,2020-11-30
1626,777,4472,1,1,0.89,2020-10-09,2020-12-12
1627,495,4543,5,12,9.43,2020-12-01,2020-12-16
1628,192,1491,21,9,5.19,2020-10-20,2020-12-19
1629,1171,4154,6,6,0.09,2020-10-04,2021-01-04
1630,1432,1498,22,15,4.65,2020-11-27,2020-12-15
1631,162,1357,16,1,0.13,2020-10-30,2020-11-29
1632,1503,1315,15,9,23.60,2020-11-17,2021-01-02
1633,2585,1393,21,6,6.96,2020-10-10,2020-12-01
1634,646,3112,17,15,1.34,2020-11-24,2021-01-02
1635,406,3049,17,3,2.51,2020-12-02,2020-12-09
1636,2484,3012,22,8,1.17,2020-11-02,2020-12-15
1637,1164,3528,10,13,5.91,2020-11-13,2021-01-01
1638,1655,1421,3,11,3.96,2020-10-04,2020-12-08
1639,1655,2971,2,12,0.68,2020-10-22,2020-12-06
1640,1327,4730,23,15,4.27,2020-11-08,2020-12-25
1641,1144,2630,7,6,0.92,2020-12-04,2020-11-30
1642,2261,5239,5,15,6.21,2020-10-12,2020-12-09
1643,1376,1022,13,7,1.14,2020-11-02,2020-12-01
1644,1904,5394,7,14,0.67,2020-10-26,2020-12-02
1645,1993,5660,23,13,5.17,2020-11-16,2020-12-13
1646,401,4796,16,11,0.41,2020-11-16,2020-12-03
1647,893,5078,12,2,2.46,2020-12-04,2020-12-08
1648,1489,4296,9,3,2.30,2020-11-03,2020-12-05
1649,1303,4499,20,4,34.88,2020-11-08,2020-12-06
1650,1642,1701,24,13,3.26,2020-11-26,2020-12-11
1651,451,617,3,1,6.24,2020-10-21,2020-12-01
1652,7,2534,16,13,1.40,2020-10-26,2020-12-23
1653,317,2701,11,13,5.93,2020-12-03,2021-01-01
1654,451,3532,4,2,5.51,2020-10-07,2020-12-12
1655,789,600,8,8,6.86,2020-11-19,2020-11-27
1656,503,5034,19,14,0.78,2020-12-07,2020-12-28
1657,614,261,11,2,5.27,2020-10-11,2020-12-26
1658,1316,3300,19,3,4.31,2020-10-29,2020-11-30
1659,2042,4023,3,12,4.24,2020-11-05,2020-12-12
1660,243,826,25,4,5.43,2020-10-20,2020-11-29
1661,1134,1821,3,10,10.04,2020-10-04,2020-12-23
1662,35,3069,14,2,6.31,2020-10-15,2020-12-18
1663,1642,1638,11,10,6.71,2020-10-13,2020-12-08
1664,285,2983,22,1,1.76,2020-11-03,2020-12-23
1665,1372,5468,4,15,4.36,2020-10-09,2020-12-14
1666,1793,1252,9,1,3.71,2020-11-12,2020-12-30
1667,1867,60,15,7,0.73,2020-11-24,2021-01-01
1668,608,2054,7,1,3.93,2020-10-29,2020-12-05
1669,79,5485,22,8,4.16,2020-11-07,2020-12-09
1670,2552,314,18,7,7.49,2020-10-03,2020-11-28
1671,1300,4057,9,11,13.74,2020-11-21,2020-11-27
1672,2424,4429,11,1,3.82,2020-12-03,2020-12-31
1673,1361,1565,9,2,6.33,2020-10-18,2020-12-01
1674,2108,4906,3,1,0.42,2020-10-17,2020-11-30
1675,329,4744,8,12,4.85,2020-12-03,2020-12-07
1676,2253,5380,10,14,3.88,2020-12-03,2020-11-30
1677,1952,256,18,10,0.17,2020-10-08,2020-12-14
1678,1690,3576,24,14,5.46,2020-10-03,2020-12-23
1679,1251,56,24,6,6.39,2020-11-17,2020-12-10
1680,1129,2505,7,7,2.40,2020-10-13,2020-12-25
1681,14,4072,12,2,2.82,2020-11-14,2020-12-23
1682,2302,348,9,14,1.03,2020-10-26,2020-12-13
1683,169,5318,15,15,0.94,2020-11-08,2020-12-10
1684,1599,3991,23,4,3.93,2020-11-10,2020-12-10
1685,2223,1648,3,11,4.77,2020-11-07,2020-12-07
1686,523,2126,6,13,4.77,2020-10-08,2020-12-28
1687,879,2695,21,1,5.49,2020-11-11,2020-11-27
1688,30,1742,6,6,0.24,2020-11-15,2020-12-18
1689,1000,1579,9,14,6.61,2020-10-12,2020-12-11
1690,427,336,19,2,8.99,2020-10-31,2020-12-30
1691,151,3818,18,2,9.52,2020-11-22,2020-12-06
1692,153,5102,24,6,3.26,2020-10-05,2020-12-21
1693,1235,92,6,6,7.92,2020-11-28,2020-12-13
1694,946,642,12,6,0.04,2020-11-07,2020-12-13
1695,1258,3485,22,8,0.49,2020-12-02,2021-01-04
1696,2537,4706,19,10,32.20,2020-10-19,2020-12-15
1697,262,3871,4,2,4.06,2020-11-27,2020-11-29
1698,681,1981,5,4,0.49,2020-10-15,2020-12-13
1699,2033,4706,3,4,8.35,2020-11-19,2020-12-07
1700,2513,4087,15,8,8.09,2020-11-25,2020-12-30
1701,2022,3160,4,12,1.99,2020-11-29,2020-12-23
1702,1060,1878,7,6,0.45,2020-11-20,2020-11-30
1703,2505,252,15,7,2.95,2020-10-13,2020-12-01
1704,1446,4296,15,2,1.11,2020-11-10,2020-12-09
1705,683,2268,16,14,4.98,2020-11-01,2020-12-19
1706,659,4551,16,3,3.95,2020-10-26,2020-12-30
1707,1276,1644,11,6,4.64,2020-10-10,2020-12-11
1708,447,5035,17,14,11.10,2020-11-26,2020-11-28
1709,539,2520,4,1,1.51,2020-11-17,2021-01-03
1710,1949,1226,1,14,4.61,2020-11-29,2020-12-26
1711,50,5224,16,11,4.26,2020-11-15,2020-11-28
1712,703,3822,5,14,4.71,2020-10-11,2020-12-31
1713,609,3824,23,10,1.23,2020-12-07,2020-12-08
1714,54,594,16,1,1.11,2020-11-04,2021-01-01
1715,1060,5582,24,8,1.59,2020-10-29,2020-12-05
1716,959,403,3,15,0.12,2020-11-09,2020-12-29
1717,414,5095,23,14,4.48,2020-11-09,2020-12-20
1718,2337,5778,15,13,4.32,2020-11-06,2020-12-28
1719,557,814,19,2,2.04,2020-10-12,2020-12-15
1720,902,1812,2,7,5.13,2020-10-25,2020-12-20
1721,820,1014,11,5,2.24,2020-10-09,2020-12-08
1722,737,3253,20,3,4.36,2020-11-07,2020-12-17
1723,1870,2988,22,10,14.37,2020-10-11,2020-11-28
1724,2156,4397,5,1,1.43,2020-11-16,2020-12-06
1725,2572,3330,5,7,5.62,2020-12-05,2020-12-30
1726,1683,294,8,13,2.09,2020-12-01,2020-12-24
1727,2466,4356,23,14,12.34,2020-11-03,2020-12-17
1728,493,403,2,10,1.45,2020-10-31,2020-12-02
1729,278,2170,8,6,0.16,2020-10-31,2020-12-06
1730,2569,3296,5,9,6.07,2020-10-12,2020-12-28
1731,640,487,23,2,2.16,2020-12-01,2020-12-07
1732,1333,4371,4,10,7.09,2020-11-11,2021-01-03
1733,2355,5697,14,11,6.74,2020-11-17,2020-12-13
1734,2507,845,23,14,2.64,2020-10-09,2020-12-15
1735,246,3567,16,9,6.92,2020-11-17,2020-12-01
1736,2570,2985,9,1,6.92,2020-12-05,2020-12-31
1737,698,759,6,3,5.20,2020-11-30,2020-12-01
1738,506,175,24,13,2.04,2020-10-14,2020-12-06
1739,1790,444,9,2,0.40,2020-12-02,2020-12-03
1740,1459,199,17,3,29.24,2020-10-14,2021-01-03
1741,429,3234,15,15,7.44,2020-12-05,2020-12-31
1742,529,780,2,9,9.37,2020-10-01,2020-12-30
1743,2467,2063,14,3,4.16,2020-12-04,2020-12-16
1744,2461,4475,14,14,6.41,2020-12-02,2020-12-15
1745,1893,119,19,1,6.52,2020-10-02,2020-12-29
1746,1822,5151,25,6,5.38,2020-11-06,2020-12-21
1747,1362,650,24,2,6.98,2020-11-22,2020-12-11
1748,1253,2487,17,1,2.15,2020-11-12,2020-12-17
1749,1402,179,25,7,6.77,2020-12-06,2020-12-24
1750,535,2488,18,11,7.70,2020-11-11,2020-12-03
1751,2045,4633,22,14,0.51,2020-11-01,2020-12-01
1752,1330,4022,15,6,2.02,2020-10-15,2020-12-28
1753,797,2961,10,11,12.79,2020-11-13,2020-12-15
1754,457,3516,3,12,14.73,2020-10-30,2020-12-27
1755,1458,3541,4,3,4.62,2020-11-23,2020-11-28
1756,2032,2943,8,14,6.73,2020-10-10,2020-12-24
1757,2490,3028,23,3,9.56,2020-11-02,2020-12-11
1758,1495,5280,8,14,5.19,2020-10-29,2020-12-05
1759,2555,3549,2,15,9.84,2020-10-22,2020-12-01
1760,723,2595,18,4,0.43,2020-11-27,2020-12-09
1761,529,212,18,3,7.19,2020-10-09,2020-12-30
1762,920,1538,17,11,6.27,2020-11-10,2020-11-27
1763,1222,1441,25,3,1.05,2020-11-19,2020-12-29
1764,1824,3878,10,9,7.47,2020-11-19,2020-12-27
1765,2545,2597,20,3,2.78,2020-12-06,2020-12-25
1766,1957,4324,13,8,1.22,2020-10-04,2020-12-12
1767,581,4013,11,1,0.41,2020-10-06,2020-12-27
1768,566,3215,5,3,4.52,2020-11-12,2021-01-04
1769,254,3042,14,2,1.64,2020-11-18,2020-12-22
1770,2158,4771,19,2,4.25,2020-12-02,2020-12-21
1771,800,447,16,12,6.23,2020-10-21,2020-12-04
1772,2417,4904,13,14,8.85,2020-11-04,2020-12-18
1773,1798,1952,5,11,8.53,2020-10-29,2020-12-14
1774,2390,1545,1,14,5.52,2020-11-14,2020-12-21
1775,1715,2993,2,11,5.80,2020-12-06,2020-12-11
1776,2376,3898,13,3,1.39,2020-11-20,2020-12-06
1777,1205,1661,5,1,12.37,2020-11-07,2020-11-29
1778,1365,3354,8,2,1.36,2020-11-07,2020-11-30
1779,142,1995,14,14,3.44,2020-11-01,2021-01-04
1780,1475,2327,7,5,1.30,2020-11-11,2020-12-29
1781,1495,1526,4,3,5.36,2020-11-14,2020-12-23
1782,988,2359,9,1,0.57,2020-10-27,2020-12-26
1783,1222,3856,18,4,0.05,2020-12-07,2020-11-27
1784,1522,310,19,1,0.62,2020-11-22,2020-12-10
1785,1149,2906,19,12,19.55,2020-11-09,2020-12-23
1786,1240,5576,13,13,6.87,2020-10-18,2020-12-04
1787,1466,1246,4,6,8.87,2020-10-11,2020-12-26
1788,1284,4159,14,15,2.82,2020-12-04,2020-12-02
1789,2103,915,24,13,4.45,2020-10-01,2020-12-25
1790,855,2599,20,1,9.76,2020-10-24,2020-12-29
1791,1380,1727,19,1,9.98,2020-11-09,2020-12-25
1792,1688,5194,14,8,5.91,2020-10-28,2020-12-09
1793,1159,5623,25,1,33.67,2020-10-15,2020-12-02
1794,281,742,7,8,0.62,2020-11-11,2020-12-24
1795,742,1774,24,14,3.48,2020-10-24,2020-11-27
1796,2,4956,11,6,0.40,2020-11-02,2020-12-30
1797,2111,666,5,14,12.31,2020-11-28,2020-12-28
1798,2224,3650,12,1,9.41,2020-12-05,2020-12-20
1799,2016,3732,25,2,14.12,2020-11-04,2020-12-13
1800,2144,1717,15,9,12.11,2020-10-07,2021-01-03
1801,7,782,10,2,7.39,2020-10-03,2020-12-16
1802,174,2476,21,5,1.13,2020-11-23,2020-12-09
1803,1777,4624,5,10,3.88,2020-10-14,2020-12-09
1804,216,4593,23,4,1.46,2020-11-09,2020-12-17
1805,2029,2269,15,14,6.48,2020-11-02,2020-12-10
1806,479,1154,20,6,3.34,2020-11-09,2020-12-08
1807,2368,1624,11,8,4.91,2020-11-29,2020-12-08
1808,1775,4098,4,1,0.41,2020-11-20,2020-12-27
1809,686,3324,23,5,2.33,2020-11-30,2021-01-02
1810,626,4517,25,3,4.13,2020-11-27,2021-01-03
1811,600,1112,21,9,9.67,2020-10-16,2021-01-01
1812,1643,220,18,1,5.56,2020-11-25,2020-12-17
1813,150,1617,13,2,0.71,2020-11-09,2020-12-17
1814,1139,1800,14,12,3.51,2020-10-13,2020-12-10
1815,1233,4066,2,3,5.27,2020-11-17,2020-12-22
1816,51,1235,6,10,5.91,2020-12-01,2020-12-13
1817,201,1728,2,3,0.33,2020-11-12,2020-12-14
1818,620,1985,20,2,2.22,2020-10-20,2020-12-26
1819,375,4803,3,1,2.32,2020-11-17,2020-12-07
1820,1937,403,10,3,8.39,2020-10-08,2020-12-08
1821,2553,4641,6,1,3.17,2020-10-10,2020-12-25
1822,1630,5283,17,12,7.17,2020-12-05,2020-12-22
1823,2482,5151,9,7,7.62,2020-10-04,2020-12-29
1824,2063,4389,24,6,1.12,2020-10-03,2020-12-15
1825,2311,2338,11,4,7.04,2020-11-21,2020-12-02
1826,1382,1604,6,15,4.77,2020-11-10,2020-12-23
1827,852,124,5,2,4.41,2020-11-01,2020-12-27
1828,2101,2683,5,15,1.55,2020-10-04,2020-12-08
1829,990,3120,25,13,3.87,2020-11-23,2020-12-24
1830,1177,2495,20,4,6.24,2020-10-25,2020-12-05
1831,1661,1173,5,6,4.60,2020-11-09,2020-12-01
1832,405,522,19,7,4.46,2020-11-04,2020-12-26
1833,2511,72,7,11,4.55,2020-11-06,2020-12-04
1834,1945,4087,1,1,6.09,2020-10-24,2020-12-15
1835,687,1020,18,6,2.79,2020-10-12,2020-12-26
1836,2149,1665,22,4,12.33,2020-12-03,2020-12-06
1837,2214,1509,12,13,7.24,2020-11-22,2020-12-01
1838,1333,2428,4,15,1.19,2020-11-10,2020-12-30
1839,564,4793,1,12,1.82,2020-11-27,2020-12-06
1840,1386,2967,19,1,2.11,2020-10-29,2020-12-13
1841,815,5336,17,7,4.62,2020-10-27,2020-12-12
1842,1132,2197,16,14,0.78,2020-12-06,2020-12-27
1843,1877,4384,10,11,0.86,2020-10-29,2020-12-15
1844,1360,2468,10,4,9.53,2020-10-10,2020-11-30
1845,2409,1730,18,15,0.98,2020-11-14,2020-12-23
1846,2216,1750,10,15,4.51,2020-11-25,2020-12-12
1847,527,2630,24,4,1.84,2020-10-23,2020-12-05
1848,2238,2032,11,11,1.11,2020-11-20,2021-01-03
1849,2333,5135,9,8,3.05,2020-10-01,2020-12-01
1850,2509,2872,20,5,2.02,2020-10-04,2020-12-10
1851,1155,1014,12,13,4.56,2020-10-17,2020-12-12
1852,1882,4461,3,13,10.86,2020-10-22,2020-11-30
1853,1996,2235,15,7,9.41,2020-10-14,2020-12-18
1854,207,5071,12,5,9.05,2020-11-24,2021-01-02
1855,1455,5558,21,14,4.40,2020-10-25,2021-01-04
1856,915,1490,19,2,0.56,2020-10-07,2020-12-23
1857,787,2511,17,8,2.40,2020-12-05,2020-12-18
1858,201,1680,13,6,7.07,2020-11-03,2020-12-03
1859,2015,4632,19,2,1.95,2020-10-30,2020-12-14
1860,390,3096,20,4,3.96,2020-11-29,2020-12-27
1861,2024,918,17,13,1.31,2020-11-06,2020-12-23
1862,2071,3867,14,5,0.51,2020-10-05,2020-11-29
1863,118,2620,8,7,6.34,2020-11-20,2020-12-09
1864,1602,4774,12,6,11.76,2020-11-05,2021-01-02
1865,2147,4600,8,10,6.99,2020-11-03,2020-12-06
1866,1662,3181,23,1,6.47,2020-12-04,2020-12-31
1867,320,1775,12,9,2.20,2020-11-01,2020-12-27
1868,2006,5103,10,5,5.24,2020-10-23,2020-12-14
1869,766,553,23,10,2.53,2020-11-11,2020-12-19
1870,1703,5389,16,14,2.10,2020-10-24,2020-12-05
1871,959,3553,8,11,9.34,2020-11-23,2020-12-08
1872,2277,5111,20,3,2.48,2020-10-19,2020-12-07
1873,1289,4251,11,6,2.19,2020-10-13,2020-12-04
1874,909,2352,25,11,1.29,2020-11-22,2021-01-04
1875,2078,596,3,4,0.71,2020-11-09,2020-12-29
1876,1127,4282,17,9,7.52,2020-10-07,2020-12-10
1877,573,1380,11,13,6.83,2020-10-30,2020-11-27
1878,2130,133,21,8,9.36,2020-11-16,2020-12-10
1879,11,3798,24,6,9.19,2020-12-01,2020-12-01
1880,2464,2165,20,12,13.60,2020-10-18,2020-12-29
1881,328,4098,23,3,0.06,2020-10-29,2020-12-25
1882,205,5617,1,2,8.92,2020-11-23,2020-12-11
1883,1905,3996,5,12,8.19,2020-10-10,2020-12-31
1884,633,3027,22,1,0.16,2020-10-24,2021-01-03
1885,2272,249,14,10,7.97,2020-11-21,2021-01-02
1886,294,2542,4,11,30.91,2020-11-05,2020-11-27
1887,2224,741,22,9,7.91,2020-11-29,2020-12-22
1888,1113,5195,18,14,12.57,2020-10-02,2020-11-29
1889,236,186,1,4,1.80,2020-10-06,2020-12-12
1890,600,410,2,3,5.48,2020-11-15,2020-12-09
1891,1349,2398,20,8,2.86,2020-10-07,2020-12-06
1892,866,2342,16,10,8.96,2020-11-10,2020-12-06
1893,2412,4884,8,11,2.86,2020-11-14,2020-11-27
1894,2218,3286,2,15,1.35,2020-10-11,2020-12-17
1895,404,1346,10,15,0.83,2020-12-03,2020-12-19
1896,473,456,5,5,31.41,2020-11-21,2020-12-17
1897,816,3069,18,7,5.79,2020-10-25,2020-11-27
1898,1652,773,3,14,0.22,2020-10-11,2020-11-28
1899,1815,2862,9,3,1.85,2020-11-08,2020-12-09
1900,1354,3872,3,7,3.05,2020-10-06,2021-01-04
1901,914,1018,21,14,0.64,2020-10-05,2020-11-28
1902,764,1075,21,13,0.46,2020-10-30,2020-12-01
1903,695,499,17,4,0.80,2020-11-07,2020-12-31
1904,625,1252,18,11,4.37,2020-11-04,2020-12-16
1905,1122,3786,24,3,8.57,2020-10-02,2020-11-29
1906,2108,4255,1,2,5.07,2020-10-16,2021-01-04
1907,2331,5304,19,15,1.18,2020-10-05,2020-12-31
1908,2445,5580,9,13,7.12,2020-11-01,2020-12-26
1909,2119,4204,10,5,3.45,2020-10-15,2020-12-16
1910,569,1428,17,14,6.88,2020-11-20,2020-12-20
1911,1890,2796,2,2,0.17,2020-11-17,2020-12-20
1912,2097,3972,18,4,1.99,2020-10-21,2020-12-11
1913,745,4529,10,6,3.58,2020-10-18,2020-12-09
1914,979,5392,24,3,28.86,2020-11-02,2020-12-17
1915,1274,2780,22,5,2.84,2020-11-01,2020-12-03
1916,2411,2289,1,15,4.33,2020-11-07,2020-12-22
1917,1256,2938,5,12,4.88,2020-12-02,2020-12-29
1918,1359,1704,13,1,6.70,2020-11-13,2020-12-06
1919,2208,2962,13,2,1.31,2020-12-01,2020-12-10
1920,96,83,16,4,9.84,2020-10-30,2020-12-13
1921,775,708,19,1,5.31,2020-10-26,2020-12-09
1922,2346,418,7,5,7.19,2020-11-22,2020-11-28
1923,2235,2858,20,15,6.84,2020-12-07,2020-12-20
1924,1168,106,22,14,4.24,2020-11-20,2020-11-30
1925,2522,2857,7,2,3.80,2020-11-25,2020-12-11
1926,1946,136,19,12,9.25,2020-10-18,2020-12-25
1927,307,4449,20,12,2.52,2020-11-11,2020-11-29
1928,768,1923,20,2,13.39,2020-10-27,2020-12-01
1929,2555,4383,15,9,2.97,2020-12-04,2020-12-29
1930,2305,2018,15,5,0.22,2020-12-07,2020-12-17
1931,2553,910,1,13,1.25,2020-11-01,2020-11-29
1932,413,1192,21,9,4.78,2020-10-27,2020-11-27
1933,348,1088,13,1,1.21,2020-11-25,2020-12-09
1934,390,3412,17,3,4.29,2020-11-21,2021-01-02
1935,130,1136,17,11,0.29,2020-10-11,2020-12-12
1936,2216,4577,17,14,3.96,2020-10-16,2020-11-28
1937,270,2288,10,3,1.71,2020-10-15,2020-12-13
1938,546,4301,2,6,2.05,2020-10-15,2020-12-04
1939,1399,2066,24,2,7.67,2020-10-28,2020-12-26
1940,2148,220,12,10,1.21,2020-11-11,2020-12-24
1941,418,4226,25,3,9.10,2020-11-12,2020-12-23
1942,1247,4230,6,5,1.27,2020-10-27,2020-11-28
1943,372,1736,16,12,14.78,2020-10-19,2021-01-04
1944,2046,1014,6,8,9.31,2020-10-05,2020-12-05
1945,826,2002,12,1,5.52,2020-11-23,2020-12-26
1946,1112,3835,1,3,2.73,2020-12-05,2021-01-02
1947,790,2253,19,1,1.77,2020-11-13,2020-12-12
1948,1603,4255,24,11,9.48,2020-10-18,2020-12-27
1949,1373,1107,17,15,9.77,2020-12-03,2020-12-23
1950,796,2610,24,3,8.54,2020-11-14,2020-12-11
1951,2381,830,21,1,0.14,2020-10-11,2020-12-07
1952,85,3918,7,3,8.27,2020-10-08,2021-01-01
1953,592,2270,24,6,3.69,2020-10-29,2020-12-02
1954,94,1753,20,4,9.46,2020-11-02,2021-01-03
1955,2405,2671,16,1,7.48,2020-11-23,2021-01-02
1956,1423,4442,8,12,1.47,2020-11-22,2020-12-01
1957,1014,4333,18,4,6.08,2020-11-09,2020-12-08
1958,2488,4340,17,1,0.63,2020-11-08,2020-12-30
1959,590,4889,11,4,6.72,2020-11-16,2020-12-19
1960,1235,2459,13,5,13.71,2020-12-07,2020-12-15
1961,2128,72,16,9,2.02,2020-10-18,2020-11-28
1962,187,3528,18,2,7.36,2020-12-04,2020-12-04
1963,1803,5669,22,5,9.51,2020-10-21,2020-12-23
1964,1861,4586,13,11,1.22,2020-10-19,2020-12-11
1965,117,3016,21,3,5.92,2020-11-16,2021-01-04
1966,2198,267,4,2,6.68,2020-11-01,2020-12-28
1967,1147,5349,22,2,2.48,2020-12-04,2020-12-26
1968,806,519,11,8,7.41,2020-11-20,2020-12-20
1969,2029,2954,11,9,5.61,2020-10-01,2021-01-03
1970,1570,1571,5,7,0.15,2020-11-14,2020-12-27
1971,2332,5245,2,9,9.91,2020-11-04,2021-01-01
1972,495,2244,12,15,1.71,2020-10-19,2020-12-20
1973,421,4969,5,10,4.29,2020-11-26,2020-12-23
1974,1482,5268,13,15,6.98,2020-11-05,2020-12-14
1975,1960,4743,14,3,1.19,2020-11-01,2020-12-20
1976,1336,4628,19,7,1.93,2020-11-09,2020-12-11
1977,1392,2049,12,14,4.90,2020-11-26,2020-12-31
1978,193,3864,9,3,0.79,2020-11-29,2020-12-13
1979,518,4219,3,7,3.28,2020-10-28,2020-11-29
1980,1782,4595,1,2,7.01,2020-10-18,2020-11-30
1981,921,5266,16,10,0.32,2020-11-01,2020-12-21
1982,2329,4667,16,10,4.87,2020-10-27,2020-12-29
1983,625,4976,25,7,2.20,2020-10-15,2020-12-08
1984,2508,2102,1,7,4.95,2020-11-18,2020-12-26
1985,621,5755,13,11,4.41,2020-10-13,2020-12-25
1986,424,1002,11,3,0.24,2020-10-23,2020-11-28
1987,630,5588,8,2,4.14,2020-11-07,2020-12-26
1988,2235,2976,17,1,2.64,2020-10-22,2020-12-17
1989,1967,1290,14,1,6.27,2020-12-01,2020-12-16
1990,893,1555,21,5,13.74,2020-11-12,2020-12-21
1991,192,5226,4,5,5.70,2020-11-16,2021-01-02
1992,53,239,16,3,2.58,2020-11-26,2020-12-06
1993,2024,2820,1,3,8.69,2020-10-08,2020-12-10
1994,2067,4597,23,1,1.86,2020-10-29,2020-12-07
1995,2202,2984,23,10,9.27,2020-11-28,2020-11-28
1996,2458,5636,13,1,6.26,2020-11-17,2020-12-08
1997,1439,2021,5,13,4.84,2020-10-16,2020-12-02
1998,2512,5753,22,14,2.42,2020-10-07,2020-12-23
1999,980,1684,20,13,2.66,2020-11-11,2021-01-02
2000,369,2100,18,1,1.19,2020-10-26,2020-12-11
